,,,,,,,,,,,,SAMPLE,SEX,AGE,,,,,REPORTING STANDARDS,,,,,,,,,,,,,,,,TRANSFORMATION,,,,,,,,,,,,,,,,,
Author,year,doi,title,journal,url,keywords,"open data (yes, no)","open code (yes, no)","open material (yes, no)",preregistration yes/no,"longitudinal design (LD), cross-sectional design (CD), unclear",n_with_exclusions,n_female_total,age_mean_total,age_sd_total,"mental health disorder exclusion (yes, no, unclear, not reported, only control group, partially)","Was an individual level analysis conducted in the study? group/ individual level analysis, both","If an individual level analysis was conducted in the study, what was the variable of interest? (e.g. sex/ gender, STAI, IUS, BDI, multiple)","Was the normal distribution checked? answers: dependent variable, independent variable, residuals, mixed, not reported","If yes, how? (e.g., specific test or visually), if no: NA","If yes, was the normal distribution tested before or after transformation procedure? answers: before, after, both, not reported. if no: NA","Was the homoscedasticity checked? answers: yes, not reported","If yes, how?  (e.g., specific test or visually), if no: NA","Was the sphericity checked? answers: yes, not reported","If yes, how?  (e.g., specific test or visually), if no: NA","Was the independence of residuals checked? answers: yes, not reported","If yes, how?  (e.g., specific test or visually), if no: NA","Was the linearity checked? answers: yes, not reported","If yes, how?  (e.g., specific test or visually), if no: NA","Was the multicollinearity checked? answers: yes, not reported","If yes, how?   (e.g., specific test or visually), if no: NA","outlier removal reported? yes, no (this refers to quantitative measures such as +/-3SD and not qualitative ones (artifacts, zero responses)","outlier refer to: subjects, trials, both, NA, not reported","outlier criterion (e.g., +/- 2SD; this refers to quantitative measures such as +/-2SD and not qualitative ones (artifacts, zero responses)",HR (BPM),HRV,EMG orbicularis oculi,EMG startle,SCR,SCL,EYE tracking,PUPIL SIZE,"specification of data transformation method (e.g. range correction formula), not reported (if there are multiple different specifications for multiple outcome measures, extract them all)",is there a rationale for specific data transformation procedure (e.g. guideline)? yes/ no,which rationale? (e.g. guideline/ ref/ not reported),"was the transformation applied (AND EXPLICITELY STATED IN THE METHODS SECTION) on trial level or on an average-level (across trials)/ other/ or not reported (if this is done differently for various outcome measures, indicate it)","Stastistical model: within, between or mixed design? (e.g., paired t-test = within, independent t-test = between)","If within or mixed: how many within factor levels (of largest within factor)? (e.g., two different CS stimuli = two within factors)","Main statistical test: t-test, AN(C)OVA, correlation, regression, mixed model, other (ask Perplexity.ai with copy pasting info from the method section)","Main statistical test: further specification (e.g., non-parametric test), if ANCOVA: centered covariate?, if mixed model: paste formula here, of other: name of test (e.g. chi-squared, MANOVA)",reviewer_ID,comment
"Asthana, Manish Kumar and Brunhuber, Bettina and Mühlberger, Andreas and Reif, Andreas and Schneider, Simone and Herrmann, Martin J.",2016,10.1093/ijnp/pyv137,Preventing the return of fear using reconsolidation update mechanisms depends on the met-allele of the brain derived neurotrophic factor val66met polymorphism,International Journal of Neuropsychopharmacology,https://search.ebscohost.com/login.aspx?direct=true&db=psyh&AN=2016-37089-005&site=ehost-live,Brain;fear conditioning;Alleles;Brain-Derived Neurotrophic Factor;Conditioned Fear;Brain Derived Neurotrophic Factor;Memory;reconsolidation;Genetics;BDNF;brain derived neurotrophic factor;genetics memory;Nerve Growth Factors,no,no,no,no,CD,143,42,NA,NA,yes,both,BDNF Genotype,not reported,NA,NA,not reported,NA,yes,"Greenhouse-Geisser correction",not reported,NA,not reported,NA,not reported,NA,no,NA,NA,NA,NA,NA,NA,"sqrt, rc",NA,NA,NA,"rc by using
the maximum (unconditioned) deflection (peak between 4.5 and
7.5 s during fear acquisition) elicited by the UCS as the maximum
range for each individual",yes,reference,mixed,mixed,3,ANOVA,rmANOVA,1,sample 91 without excl
"Barnes-Horowitz, Nora M. and Echiverri-Cohen, Aileen and Ruiz, Julian and Zbozinek, Tomislav D. and Kim, Rebecca and Treanor, Michael and Rosenfield, David and Ritz, Thomas and Meuret, Alicia M. and Craske, Michelle G.",2023,10.1177/20438087231161188,Exploratory study of threat sensitivity as a moderator of positive affect treatment and negative affect treatment for depression and anxiety,Journal of Experimental Psychopathology,https://search.ebscohost.com/login.aspx?direct=true&db=psyh&AN=2023-51943-001&site=ehost-live,Galvanic Skin Response;fear conditioning;skin conductance;Anxiety;Threat;Extinction (Learning);Negative Emotions;Expectations;Cognitive Behavior Therapy;moderators;negative affect treatment;positive affect treatment;Positive Emotions,no,no,no,no,CD,118,29,35.27,13.85,partially,group,NA,not reported,NA,NA,not reported,NA,not reported,NA,not reported,NA,not reported,NA,not reported,NA,no,not reported,NA,NA,NA,NA,NA,"sqrt, rc",NA,NA,NA,"range corrections were calculated by identifying the maximum SCR to any CS for each participant. SCRs were square-root transformed and divided by the range correction value,",yes,reference,trial-level,mixed,8,mixed multilevel model,other,1,n = 43
"Bos, Marieke Geerte Nynke and Beckers, Tom and Kindt, Merel",2014,10.3389/fnbeh.2014.00412,Noradrenergic blockade of memory reconsolidation: A failure to reduce conditioned fear responding,Frontiers in Behavioral Neuroscience,https://search.ebscohost.com/login.aspx?direct=true&db=psyh&AN=2015-05551-001&site=ehost-live,fear conditioning;Conditioned Fear;Memory;Extinction (Learning);Reinstatement;fear potentiated startle;reconsolidation;extinction learning;Drugs;propranolol,no,no,no,no,CD,44,28,20.66,2.17,yes,both,"STAIT, SPQ, STAIS, Systolic BP, Diastolic BP",not reported,NA,NA,not reported,NA,yes,not reported,not reported,NA,not reported,NA,not reported,NA,yes,trials,−3 < Z > 3; 0.69%,NA,NA,NA,raw,log,NA,NA,NA,LG10(SCR + 1.5) ,yes,reference,not reported,within,8,ANOVA,rmANOVA,1,
"Berg, Hannah and Hunt, Christopher and Cooper, Samuel E. and Olatunji, Bunmi O. and Lissek, Shmuel",2021,10.1016/j.brat.2021.103966,Generalization of conditioned disgust and the attendant maladaptive avoidance: Validation of a novel paradigm and effects of trait disgust-proneness,Behaviour Research and Therapy,https://search.ebscohost.com/login.aspx?direct=true&db=psyh&AN=2021-91108-001&site=ehost-live,Fear;Fear conditioning;Conditioned Fear;Stimulus Generalization;Cognitive Generalization;Anxiety disorders;Avoidance Conditioning;Stimulus generalization;Disgust;Behavioral avoidance;Disgust conditioning,no,no,no,no,CD,111,46,19.43,1.29,not reported,both,disgust-proneness,not reported,NA,NA,not reported,NA,not reported,not reported,not reported,NA,not reported,NA,not reported,NA,no,NA,NA,NA,NA,NA,t,NA,NA,NA,NA,NA,no,NA,not reported,mixed,3,ANOVA,rmANOVA,1,n = 65
"Baumann, Christian and Schiele, Miriam A. and Herrmann, Martin J. and Lonsdorf, Tina B. and Zwanzger, Peter and Domschke, Katharina and Reif, Andreas and Deckert, Jürgen and Pauli, Paul",2017,10.1027/2151-2604/a000304,Effects of an anxiety-specific psychometric factor on fear conditioning and fear generalization,Zeitschrift für Psychologie,https://search.ebscohost.com/login.aspx?direct=true&db=psyh&AN=2017-54530-005&site=ehost-live,Risk Factors;Models;Anxiety Disorders;fear conditioning;anxiety;Psychometrics;Anxiety;Conditioned Fear;generalization;Generalization (Learning);Etiology;Factor Analysis;tripartite model,no,no,no,no,CD,1582,914,24.31,4.76,yes,group,NA,not specified,NA,NA,not reported,NA,yes,"Greenhouse-Geisser correction",not reported,NA,not reported,NA,not reported,NA,no,NA,NA,NA,NA,NA,NA,log,NA,NA,NA,y =ln(1 + SCR),no,NA,trial-level,mixed,4,ANOVA,rmANOVA,1,n_SCR = 40 in sample 1; sample 2 not reported
Balderston NL and Helmstetter FJ,2010,10.1037/a0019927,Conditioning with masked stimuli affects the timecourse of skin conductance responses.,Behavioral neuroscience,https://pubmed.ncbi.nlm.nih.gov/20695647/,"Female;Humans;Time Factors;Male;Adolescent;Fear;Young Adult;Skin;Conditioning, Classical/*physiology;Chi-Square Distribution;Monte Carlo Method;Association Learning/*physiology;Galvanic Skin Response/*physiology;Awareness/physiology;Perceptual Masking/*physiology;Electric Stimulation/methods",no,no,no,no,CD,22,13,19.83,2.53,not reported,group,NA,not reported,NA,NA,not reported,NA,not reported,not reported,not reported,NA,not reported,NA,not reported,NA,no,NA,NA,NA,NA,NA,NA,other,other,NA,NA,Raw values for each trial were normalized to that trials average baseline SCL and expressed as a percent change from that baseline value. SCR time course data were obtained by averaging the percent change values across participants at each time point during the sample period.,no,NA,trial-level,mixed,6,ANOVA,rmANOVA,1,n = 20
"Bos, Marieke G.N. and Beckers, Tom and Kindt, Merel",2012,10.1016/j.biopsycho.2012.01.007,The effects of noradrenergic blockade on extinction in humans,Biological Psychology,https://search.ebscohost.com/login.aspx?direct=true&db=psyh&AN=2012-04541-001&site=ehost-live,"Attention;Female;Humans;Time Factors;Male;Psychiatric Status Rating Scales;Extinction, Psychological;Young Adult;Anxiety Disorders;Conditioning, Classical;extinction;Acoustic Stimulation;Electromyography;Anxiety;Extinction (Learning);attention;psychiatric disorders;Pain Measurement;Electroshock;Norepinephrine;Propranolol;Double-Blind Method;Blood Pressure;Adrenergic beta-Antagonists;Humanism;Humanities;propranolol;noradrenergic blockade",no,no,no,no,CD,30,20,21.04,0.047,partially,group,NA,not reported,NA,NA,not reported,NA,not reported,not reported,not reported,NA,not reported,NA,not reported,NA,yes,trials,3 SD,NA,NA,NA,t,log,NA,NA,NA,T = (zx10)+50; ln(SCR+1.5),yes,reference,trial-level,mixed,4,ANOVA,rmANOVA,1,
"Alvarez, Ruben P. and Johnson, Linda and Grillon, Christian",2007,10.1101/lm.493707,Contextual-specificity of short-delay extinction in humans: Renewal of fear-potentiated startle in a virtual environment,Learning & Memory,https://search.ebscohost.com/login.aspx?direct=true&db=psyh&AN=2007-16915-003&site=ehost-live,"Female;Humans;Time Factors;Galvanic Skin Response;Male;Extinction, Psychological;Fear;Adult;Conditioning, Classical;Reflex, Startle;Blinking;Electromyography;Anxiety;Conditioned Fear;Extinction (Learning);Startle Reflex;Virtual Reality;Avoidance Learning;Contextual Associations;Electroshock;User-Computer Interface;Humanism;Humanities;contextual specificity;fear potentiated startle renewal;short delay extinction",no,no,no,no,CD,16,8,26.7,7.8,yes,group,NA,not reported,NA,NA,not reported,NA,not reported,"Greenhouse-Geisser correction",not reported,NA,not reported,NA,not reported,NA,no,NA,NA,NA,NA,NA,t,log,NA,NA,NA,T = (zx10)+50; log(SCR+1),yes,reference,trial-level,within,6,ANOVA,rmANOVA,1,
"Agren, Thomas and Engman, Jonas and Frick, Andreas and Björkstrand, Johannes and Larsson, Elna-Marie and Furmark, Tomas and Fredrikson, Mats",2012,10.1126/science.1223006,Disruption of reconsolidation erases a fear memory trace in the human amygdala,Science,https://search.ebscohost.com/login.aspx?direct=true&db=psyh&AN=2012-26387-005&site=ehost-live,"Female;Humans;Male;Extinction, Psychological;Fear;Amygdala;Young Adult;Brain Mapping;Magnetic Resonance Imaging;Cues;Mental Recall;Conditioned Fear;Memory;Functional Magnetic Resonance Imaging;Neuroimaging;Memory Trace;Conditioning (Psychology);Biological Neural Networks;Humanism;Humanities;brain circuits;fear memory trace;functional brain imaging;human amygdala;reconsolidation disruption",no,no,no,no,CD,30,16,24,0.48,not reported,group,NA,not reported,NA,NA,not reported,NA,not reported,NA,not reported,NA,not reported,NA,not reported,NA,no,NA,NA,NA,NA,NA,NA,rc,NA,NA,NA,NA,yes,reference,trial-level,not reported,NA,not reported,NA,1,n = 22
"Alvarez, Ruben P. and Biggs, Arter and Chen, Gang and Pine, Daniel S. and Grillon, Christian",2008,10.1523/JNEUROSCI.1246-08.2008,Contextual fear conditioning in humans: Cortical-hippocampal and amygdala contributions,The Journal of Neuroscience,https://search.ebscohost.com/login.aspx?direct=true&db=psyh&AN=2008-08676-016&site=ehost-live,"Female;Humans;Time Factors;Galvanic Skin Response;Male;Fear;Adult;Models, Biological;Amygdala;Hippocampus;Magnetic Resonance Imaging;Image Processing, Computer-Assisted;Oxygen;amygdala;Aversion Conditioning;hippocampus;Cerebral Cortex;contextual fear conditioning;Contextual Associations;Psychophysics;Conditioning (Psychology);Neural Pathways;Humanism;Humanities;cortex",no,no,no,no,CD,13,6,24.2,2.7,yes,group,NA,not reported,NA,NA,not reported,NA,not reported,"Greenhouse-Geisser correction",not reported,NA,not reported,NA,not reported,NA,no,NA,NA,NA,NA,NA,NA,"log, rc","log, rc",NA,NA,"log transformation (log[1+ SCR]) was performed to normalize the distribution, and the magnitudes were range corrected (SCR/SCRmax) for each subject to properly correct for interindividual variance.",yes,reference,trial-level,within,3,ANOVA,rmANOVA,1,
"Blechert, Jens and Michael, Tanja and Williams, S. Lloyd and Purkis, Helena M. and Wilhelm, Frank H.",2008,10.1016/j.lmot.2007.03.003,When two paradigms meet: Does evaluative learning extinguish in differential fear conditioning?,Learning and Motivation,https://search.ebscohost.com/login.aspx?direct=true&db=psyh&AN=2008-01018-005&site=ehost-live,Fear;Pavlovian conditioning;Conditioned Fear;Classical Conditioning;Conditioned Stimulus;Unconditioned Stimulus;differential fear conditioning;conditioned stimulus;unconditioned stimulus;Evaluation;evaluative learning;indices extinction;signal learning,no,no,no,no,CD,38,38,24.8,6.9,not reported,group,NA,not reported,NA,NA,not reported,NA,yes,"Greenhouse-Geisser correction",not reported,NA,not reported,NA,not reported,NA,no,NA,NA,NA,NA,NA,NA,log,NA,NA,NA,log(SCR+1),no,NA,trial-level,mixed,3,ANOVA,rmANOVA,1,
"Baas, Johanna M. and Nugent, Monique and Lissek, Shmuel and Pine, Daniel S. and Grillon, Christian",2004,10.1016/j.biopsych.2004.02.024,Fear Conditioning in Virtual Reality Contexts: A New Tool for the Study of Anxiety,Biological Psychiatry,https://search.ebscohost.com/login.aspx?direct=true&db=psyh&AN=2004-14822-002&site=ehost-live,"Female;Humans;Male;Fear;Adult;Conditioning, Classical;Association Learning;Cues;Analysis of Variance;Awareness;Reflex, Startle;fear conditioning;anxiety;Anxiety;Conditioned Fear;startle reflex;Startle Reflex;virtual reality;Virtual Reality;Electroshock",no,no,no,no,CD,22,11,26.4,0,not reported,group,NA,not reported,NA,NA,not reported,NA,not reported,NA,not reported,NA,not reported,NA,not reported,NA,no,NA,NA,NA,NA,NA,not reported,NA,NA,NA,NA,NA,no,NA,not reported,within,2,ANOVA,rmANOVA,1,n = 21
"Armony, Jorge L. and Dolan, Raymond J.",2001,10.1097/00001756-200110290-00051,Modulation of auditory neural responses by a visual context in human fear conditioning,NeuroReport: For Rapid Communication of Neuroscience Research,https://search.ebscohost.com/login.aspx?direct=true&db=psyh&AN=2001-09148-017&site=ehost-live,Attention;Female;Humans;Autonomic Nervous System;Male;Fear;Magnetic Resonance Imaging;Cues;Reaction Time;Photic Stimulation;Acoustic Stimulation;fear conditioning;Auditory Perception;Aversion Conditioning;Auditory Cortex;Parietal Lobe;context;Avoidance Learning;Contextual Associations;Conditioning (Psychology);Visual Perception;Neural Pathways;Skin Physiological Phenomena;Functional Laterality;Humanism;Humanities;auditory stimulation;functional MRI;auditory cortex;Aversive Therapy;parietal cortex;visual cue,no,no,no,no,CD,8,5,NA,NA,yes,group,NA,not reported,NA,NA,not reported,NA,not reported,NA,not reported,NA,not reported,NA,not reported,NA,no,NA,NA,NA,NA,NA,NA,sqrt,NA,NA,NA,NA,yes,reference,trial-level,within,2,ANOVA,rmANOVA,1,
Bilkei-Gorzo A and Erk S and Schürmann B and Mauer D and Michel K and Boecker H and Scheef L and Walter H and Zimmer A,2012,10.1523/JNEUROSCI.1034-12.2012,Dynorphins regulate fear memory: from mice to men.,The Journal of neuroscience : the official journal of the Society for           Neuroscience,https://pubmed.ncbi.nlm.nih.gov/22764240/,"Female;Humans;Male;Animals;Adult;Young Adult;Mice;Mice, Knockout;Fear/*physiology;Memory/*physiology;Extinction, Psychological/physiology;Anxiety Disorders/genetics/metabolism/physiopathology;Dynorphins;Dynorphins/deficiency/*genetics;Limbic System/metabolism/*physiopathology;Proto-Oncogene Proteins c-fos/physiology;Receptors, Opioid, kappa/*genetics/physiology",no,no,no,no,CD,33,NA,NA,NA,unclear,group,NA,not reported,NA,NA,not reported,NA,not reported,NA,not reported,NA,not reported,NA,not reported,NA,no,NA,NA,NA,NA,NA,NA,log,NA,NA,NA,log (10),no,NA,trial-level,mixed,20,ANOVA,rmANOVA,1,
Boll S and Gamer M and Gluth S and Finsterbusch J and Büchel C,2013,10.1111/ejn.12094,Separate amygdala subregions signal surprise and predictiveness during associative fear learning in humans.,The European journal of neuroscience,https://pubmed.ncbi.nlm.nih.gov/23278978/,"Humans;Male;Models, Neurological;Adult;Amygdala;Magnetic Resonance Imaging;Conditioning, Classical;Cues;Fear/*physiology;Humanism;Humanities;Association Learning/*physiology;Amygdala/anatomy & histology/*physiology;Mesencephalon/anatomy & histology/physiology",no,no,no,no,CD,22,0,26.9,NA,not reported,group,NA,not reported,NA,NA,not reported,NA,not reported,NA,not reported,NA,not reported,NA,not reported,NA,no,NA,NA,NA,NA,NA,NA,log,NA,NA,NA,log(),no,NA,trial-level,within,3,ANOVA,rmANOVA,1,n = 21
"Baas, Johanna M. P.",2013,10.1016/j.biopsycho.2012.02.001,Individual differences in predicting aversive events and modulating contextual anxiety in a context and cue conditioning paradigm,Biological Psychology,https://search.ebscohost.com/login.aspx?direct=true&db=psyh&AN=2012-05688-001&site=ehost-live,"Attention;Female;Humans;Individuality;Male;Surveys and Questionnaires;Adolescent;Fear;Young Adult;Cues;Photic Stimulation;Reflex, Startle;fear conditioning;Electromyography;Anxiety;Conditioned Fear;Aversive Stimulation;Startle Reflex;individual differences;Individual Differences;Pain Measurement;Contextual Associations;Electroshock;Conditioning (Psychology);risk factors;Prediction;contextual anxiety;aversive events;Choice Behavior;learning cues",no,no,no,no,CD,61,NA,NA,NA,yes,both,"trait anxiety, attentional control",not reported,NA,NA,not reported,NA,not reported,NA,not reported,NA,not reported,NA,not reported,NA,no,NA,NA,NA,NA,NA,t,NA,NA,NA,NA,[Z-transformed data × 10] + 50,yes,reference,not reported,mixed,14,ANOVA,rmANOVA,1,
"Bach, Dominik R. and Daunizeau, Jean and Friston, Karl J. and Dolan, Raymond J.",2010,10.1016/j.biopsycho.2010.06.007,Dynamic causal modelling of anticipatory skin conductance responses,Biological Psychology,https://search.ebscohost.com/login.aspx?direct=true&db=psyh&AN=2010-15111-001&site=ehost-live,"Emotions;Female;Humans;Time Factors;Galvanic Skin Response;Male;Adolescent;Adult;Causality;Models, Biological;Young Adult;Conditioning, Classical;Analysis of Variance;Awareness;fear conditioning;Skin;Conditioned Fear;Expectations;skin conductance responses;Causal Analysis;dynamic causal model;Skin Physiological Phenomena;Nonlinear Dynamics",no,no,no,no,CD,52,26,22.3,4.3,unclear,group,NA,not reported,NA,NA,not reported,NA,not reported,NA,not reported,NA,not reported,NA,not reported,NA,no,NA,NA,NA,NA,NA,NA,z,NA,NA,NA,NA,yes,reference,time series,mixed,2,ANOVA,ANOVA_univariat,1,2 experiments
"Anton, Marja E. and Baskin-Sommers, Arielle R. and Vitale, Jennifer E. and Curtin, John J. and Newman, Joseph P.",2012,10.3758/s13415-012-0114-x,Differential effects of psychopathy and antisocial personality disorder symptoms on cognitive and fear processing in female offenders,"Cognitive, Affective & Behavioral Neuroscience",https://search.ebscohost.com/login.aspx?direct=true&db=psyh&AN=2012-31813-012&site=ehost-live,"Attention;Female;Humans;Risk Factors;Psychiatric Status Rating Scales;Fear;Adult;Young Adult;Middle Aged;Reflex, Startle;Neuropsychological Tests;Electroencephalography;Evoked Potentials;Psychopathy;Electroshock;risk factors;Psychiatric Symptoms;Cognitive Processes;Cognition Disorders;Antisocial Personality Disorder;psychopathy;Personality Inventory;Human Females;cognitive processes;fear processing;Criminals;antisocial personality disorder;female offenders",no,no,no,no,CD,84,84,32.8,6.8,partially,group,NA,not reported,NA,NA,not reported,NA,not reported,NA,not reported,NA,not reported,NA,not reported,NA,no,NA,NA,NA,NA,NA,raw,NA,NA,NA,NA,NA,NA,NA,NA,mixed,3,GLM,other,1,
Bentz D and Michael T and Wilhelm FH and Hartmann FR and Kunz S and von Rohr IR and de Quervain DJ,2013,10.1016/j.psyneuen.2012.12.018,Influence of stress on fear memory processes in an aversive differential conditioning paradigm in humans.,Psychoneuroendocrinology,https://pubmed.ncbi.nlm.nih.gov/23333200/,"Female;Humans;Male;Adolescent;Adult;Memory;Electric Stimulation;Conditioning, Classical/*physiology;Cold Temperature;Memory/*physiology;Humanism;Humanities;Extinction, Psychological/physiology;Stress, Psychological/physiopathology/*psychology;Fear/physiology/*psychology;Saliva/chemistry;Stress, Physiological/*physiology;Hydrocortisone/analysis",no,no,no,no,CD,108,57,NA,NA,yes,group,NA,not specified,NA,NA,not reported,NA,yes,"Greenhouse-Geisser correction",not reported,NA,not reported,NA,not reported,NA,no,NA,NA,raw,NA,NA,NA,sqrt,NA,NA,NA,transformed value = SQRT (SCR + 1.5),yes,reference,not reported,mixed,5,ANOVA,rmANOVA,1,n = 82 (or below)
Acheson D and Feifel D and de Wilde S and McKinney R and Lohr J and Risbrough V,2013,10.1007/s00213-013-3099-4,The effect of intranasal oxytocin treatment on conditioned fear extinction and recall in a healthy human sample.,Psychopharmacology,https://pubmed.ncbi.nlm.nih.gov/23644911/,"Female;Humans;Male;Adult;Young Adult;Oxytocin;Humanism;Humanities;MSH Release-Inhibiting Hormone;Treatment Outcome;Conditioning, Psychological/*drug effects/physiology;Reflex, Startle/drug effects/physiology;Extinction, Psychological/*drug effects/physiology;Oxytocin/*administration & dosage;Fear/*drug effects/physiology/*psychology;Mental Recall/*drug effects/physiology",no,no,no,no,CD,44,21,31.85,13.55,yes,group,NA,not reported,NA,NA,not reported,NA,not reported,NA,not reported,NA,not reported,NA,not reported,NA,no,NA,NA,NA,NA,NA,raw,NA,NA,NA,NA,NA,NA,NA,NA,mixed,4,ANOVA,rmANOVA,1,
"Ameli, Rezvan and Ip, Chris and Grillon, Christian",2001,10.1017/S0048577201981776,Contextual fear-potentiated startle conditioning in humans: Replication and extension,Psychophysiology,https://search.ebscohost.com/login.aspx?direct=true&db=psyh&AN=2001-17549-003&site=ehost-live,"Female;Humans;Male;Adolescent;Fear;Adult;Reproducibility of Results;Reflex, Startle;anxiety;Conditioning;Anxiety;startle reflex;contextual fear conditioning;Contextual Associations;Electroshock;Humanism;Humanities",no,no,no,no,CD,56,25,20.9,4,not reported,group,NA,not reported,NA,NA,not reported,NA,not reported,NA,not reported,NA,not reported,NA,not reported,NA,no,NA,NA,NA,NA,NA,raw,NA,NA,NA,NA,NA,NA,NA,NA,mixed,2,MANOVA,ANOVA_multivariat,1,n = 51
"Baas, J.M.P. and van Ooijen, L. and Goudriaan, A. and Kenemans, J.L.",2008,10.1016/j.actpsy.2007.09.009,Failure to condition to a cue is associated with sustained contextual fear,Acta Psychologica,https://search.ebscohost.com/login.aspx?direct=true&db=psyh&AN=2008-03350-007&site=ehost-live,"Female;Humans;Male;Psychiatric Status Rating Scales;Fear;Adult;Conditioning, Classical;Cues;Awareness;Photic Stimulation;Reflex, Startle;anxiety;conditioning;Conditioning;Anxiety;Conditioned Fear;Pain Measurement;Avoidance Learning;cues;Electroshock;Time;Reinforcement (Psychology);User-Computer Interface;Students;contextual fear;Association;Netherlands",no,no,no,no,CD,23,NA,NA,NA,yes,group,NA,not reported,NA,NA,not reported,NA,not reported,"Greenhouse-Geisser correction",not reported,NA,not reported,NA,not reported,NA,no,NA,NA,NA,NA,NA,raw,raw,NA,NA,NA,NA,NA,NA,NA,mixed,3,ANOVA,rmANOVA,1,n = 20
Apergis-Schoute AM and Schiller D and LeDoux JE and Phelps EA,2014,10.1016/j.nlm.2014.01.016,Extinction resistant changes in the human auditory association cortex following threat learning.,Neurobiology of learning and memory,https://pubmed.ncbi.nlm.nih.gov/24525224/,"Female;Humans;Male;Adolescent;Adult;Young Adult;Magnetic Resonance Imaging;Neuroimaging;Conditioning, Classical/*physiology;Fear/*physiology;Galvanic Skin Response/physiology;Extinction, Psychological/*physiology;Humanism;Humanities;Amygdala/physiology;Temporal Lobe/*physiology;Neuronal Plasticity/physiology",no,no,no,no,CD,24,NA,NA,NA,unclear,group,NA,not reported,NA,NA,not reported,NA,not reported,NA,not reported,NA,not reported,NA,not reported,NA,no,NA,NA,NA,NA,NA,NA,sqrt,NA,NA,NA,not reported,no,NA,not reported,within,2,paired t-test,ttest,1,paired two way t-test
Bublatzky F and Gerdes AB and Alpers GW,2014,10.1111/psyp.12251,The persistence of socially instructed threat: two threat-of-shock studies.,Psychophysiology,https://pubmed.ncbi.nlm.nih.gov/24942368/,"Female;Humans;Male;Adolescent;Adult;Young Adult;Photic Stimulation;Electromyography;Conditioning, Classical/*physiology;Fear/*physiology;Self Report;Electroshock;Galvanic Skin Response/*physiology;Reflex, Startle/*physiology",no,no,no,no,CD,43,32,22.4,4.1,unclear,group,NA,not reported,NA,NA,not reported,NA,not reported,"Greenhouse-Geisser correction",not reported,NA,not reported,NA,not reported,NA,yes,trials,−2 < Z > 2,NA,NA,NA,t,log,NA,NA,NA,(amplitude—mean amplitude)/SD * 10 + 50; log[SCL + 10],no,NA,average-level,within,2,ANOVA,rmANOVA,1,
Acheson DT and Geyer MA and Baker DG and Nievergelt CM and Yurgil K and Risbrough VB,2015,10.1016/j.psyneuen.2014.09.030,Conditioned fear and extinction learning performance and its association with psychiatric symptoms in active duty Marines.,Psychoneuroendocrinology,https://pubmed.ncbi.nlm.nih.gov/25444643/,"Humans;Life Change Events;Male;Adult;Young Adult;Conditioning, Classical/*physiology;Resilience, Psychological;Extinction, Psychological/*physiology;Stress Disorders, Post-Traumatic/*psychology;Military Personnel;Reflex, Startle/physiology;Anxiety/psychology;Fear/physiology/*psychology;Learning/physiology;Depression/psychology;Military Personnel/*psychology",no,no,no,no,LD,1195,0,22.16,3.12,unclear,group,NA,not reported,NA,NA,not reported,NA,not reported,NA,not reported,NA,not reported,NA,not reported,NA,no,NA,NA,NA,NA,NA,raw,NA,NA,NA,NA,NA,NA,NA,NA,mixed,4,ANOVA,ANOVA_univariat,1,
Ahmed O and Lovibond PF,2015,10.1016/j.jbtep.2014.08.001,The impact of previously learned feature-relevance on generalisation of conditioned fear in humans.,Journal of behavior therapy and experimental psychiatry,https://pubmed.ncbi.nlm.nih.gov/25233359/,"Female;Humans;Galvanic Skin Response;Male;Adolescent;Young Adult;Photic Stimulation;Visual Perception;Fear/*psychology;Humanism;Humanities;*Conditioning, Classical;Association Learning/*physiology;Generalization, Psychological/*physiology",no,no,no,no,CD,59,43,19.29,1.92,not reported,group,NA,not reported,NA,NA,not reported,NA,not reported,NA,not reported,NA,not reported,NA,not reported,NA,no,NA,NA,NA,NA,NA,NA,NA,log,NA,NA,not reported,no,NA,not reported,not reported,NA,ANOVA,other,1,mixed ANOVA
Antov MI and Melicherová U and Stockhorst U,2015,10.1016/j.psyneuen.2015.01.009,Cold pressor test improves fear extinction in healthy men.,Psychoneuroendocrinology,https://pubmed.ncbi.nlm.nih.gov/25681735/,"Humans;Male;Adolescent;Adult;Young Adult;Memory;Conditioning, Classical/*physiology;Fear/*psychology;Cold Temperature;Extinction, Psychological/*physiology;Stress, Psychological/*psychology",no,no,no,no,CD,40,0,22.2,0.41,partially,group,NA,not reported,NA,NA,not reported,NA,not reported,"Greenhouse-Geisser correction",not reported,NA,not reported,NA,not reported,NA,no,NA,NA,raw,NA,NA,NA,"rc, sqrt",NA,NA,NA,not reported,yes,reference,not reported,mixed,3,ANOVA,rmANOVA,1,
Baeuchl C and Meyer P and Hoppstädter M and Diener C and Flor H,2015,10.1016/j.nlm.2015.03.001,Contextual fear conditioning in humans using feature-identical contexts.,Neurobiology of learning and memory,https://pubmed.ncbi.nlm.nih.gov/25792231/,"Female;Humans;Galvanic Skin Response;Male;Adult;Young Adult;Brain Mapping;Magnetic Resonance Imaging;Conditioning, Classical/*physiology;Fear/*physiology;Electroshock;Humanism;Humanities;Brain/physiology;Amygdala/*physiology;Hippocampus/*physiology",no,no,no,no,CD,17,9,28.5,3.52,yes,group,NA,not reported,NA,NA,not reported,NA,not reported,NA,not reported,NA,not reported,NA,not reported,NA,yes,trials,−3 < Z > 3; 0.48%,NA,NA,NA,NA,log,NA,NA,NA,not reported,yes,reference,not reported,within,3,paired t-test,ttest,1,n = 14
Ai SZ and Chen J and Liu JF and He J and Xue YX and Bao YP and Han F and Tang XD and Lu L and Shi J,2015,10.1016/j.nlm.2015.06.005,Exposure to extinction-associated contextual tone during slow-wave sleep and wakefulness differentially modulates fear expression.,Neurobiology of learning and memory,https://pubmed.ncbi.nlm.nih.gov/26071676/,"Female;Humans;Male;Adult;Young Adult;Sleep;Fear/*physiology;Wakefulness;Extinction, Psychological/*physiology;Memory/*physiology;Conditioning, Classical/physiology;*Cues;Sleep/*physiology;Wakefulness/*physiology",no,no,no,no,CD,149,NA,NA,NA,yes,group,NA,not reported,NA,NA,not reported,NA,not reported,NA,not reported,NA,not reported,NA,not reported,NA,no,NA,NA,NA,NA,NA,NA,sqrt,NA,NA,NA,not reported,yes,reference,not reported,mixed,3,ANOVA,NA,1,"n = 133, 76 females, age 23.3, 2.1, ANOVA not specified"
Andreatta M and Leombruni E and Glotzbach-Schoon E and Pauli P and Mühlberger A,2015,10.1016/j.beth.2014.12.008,Generalization of Contextual Fear in Humans.,Behavior therapy,https://pubmed.ncbi.nlm.nih.gov/26459839/,"Female;Humans;Male;Adult;Young Adult;Conditioning, Classical;Reflex, Startle;Arousal;Electroshock;Humanism;Humanities;Anxiety/*psychology;*Cues;Fear/physiology/*psychology",no,no,no,no,CD,36,NA,NA,NA,yes,group,NA,not reported,NA,NA,not reported,NA,yes,"Greenhouse-Geisser correction",not reported,NA,not reported,NA,not reported,NA,yes,trials,±5 μV EMG; <2 μS SCR,NA,NA,NA,"z, t",sqrt,NA,NA,NA,not reported,yes,reference,not reported,within,3,ANOVA,rmANOVA,1,"n = 32, 17 females, age 23.8, 3.1"
Lipp OV and Ryan KM and Luck CC and Craske MG and Waters AM,2021,10.1111/psyp.13899,Presentation of unpaired unconditional stimuli during extinction reduces renewal of conditional fear and slows re-acquisition.,Psychophysiology,https://pubmed.ncbi.nlm.nih.gov/34231228/,"Female;Humans;Male;Adult;Young Adult;Conditioning, Classical/*physiology;Fear/*physiology;Extinction, Psychological/*physiology;Galvanic Skin Response/*physiology",no,no,no,no,CD,103,79,20.36,4.23,not reported,group,NA,not reported,NA,NA,not reported,NA,not reported,NA,not reported,NA,not reported,NA,not reported,NA,no,NA,NA,NA,NA,NA,NA,sqrt,NA,NA,NA,not reported,yes,reference,not reported,mixed,4,linear mixed model,other,1,n = 99
Lipp OV and Luck CC and Waters AM,2022,10.1111/psyp.13982,The absence of differential electrodermal responding in the second half of acquisition does not indicate the absence of fear learning.,Psychophysiology,https://pubmed.ncbi.nlm.nih.gov/34846758/,"Female;Humans;Male;Adult;Young Adult;Conditioning, Classical/*physiology;Fear/*physiology;Galvanic Skin Response/*physiology;*Learning",no,no,no,no,CD,380,NA,NA,NA,not reported,group,NA,not reported,NA,NA,not reported,NA,not reported,NA,not reported,NA,not reported,NA,not reported,NA,no,NA,NA,NA,NA,NA,NA,"sqrt, rc",NA,NA,NA,not reported,yes,reference,not reported,mixed,4,ANOVA,rmANOVA,1,"n = 351, 255 females, age 20.98, 4.04"
Maples-Keller JL and Norrholm SD and Burton M and Reiff C and Coghlan C and Jovanovic T and Yasinski C and Jarboe K and Rakofsky J and Rauch S and Dunlop BW and Rothbaum BO,2022,10.1177/02698811211069124,"A randomized controlled trial of 3,4-methylenedioxymethamphetamine (MDMA) and fear extinction retention in healthy adults.","Journal of psychopharmacology (Oxford, England)",https://pubmed.ncbi.nlm.nih.gov/35166140/,"Female;Humans;Male;Extinction, Psychological;Fear;Animals;Reflex, Startle;N-Methyl-3,4-methylenedioxyamphetamine;*N-Methyl-3,4-methylenedioxyamphetamine/adverse effects;*Stress Disorders, Post-Traumatic/drug therapy",no,no,no,no,CD,51,NA,NA,NA,partially,both,return of fear,not reported,NA,NA,not reported,NA,not reported,NA,not reported,NA,not reported,NA,not reported,NA,no,NA,NA,raw,NA,NA,raw,NA,NA,NA,NA,not reported,no,NA,not reported,mixed,4,ANOVA,rmANOVA,1,"n = 34, 24 females, age 33.27, 8.71"
"Asthana, Manish and Nueckel, Katharina and Mühlberger, Andreas and Neueder, Dorothea and Polak, Thomas and Domschke, Katharina and Deckert, Jürgen and Herrmann, Martin J.",2013,10.3389/fpsyt.2013.00107,Effects of transcranial direct current stimulation on consolidation of fear memory,Frontiers in Psychiatry,https://search.ebscohost.com/login.aspx?direct=true&db=psyh&AN=2013-42038-001&site=ehost-live,fear conditioning;Conditioned Fear;Memory;Auditory Stimulation;Memory Consolidation;Transcranial Magnetic Stimulation;Prefrontal Cortex;Transcranial Direct Current Stimulation;Dorsolateral Prefrontal Cortex;transcranial direct current stimulation;memory consolidation;auditory stimulation;Dorsal Roots;dorsolateral prefrontal cortex,no,no,no,no,CD,69,NA,22.58,2.24,yes,group,NA,not specified,NA,NA,not reported,NA,not reported,NA,not reported,NA,not reported,NA,not reported,NA,no,NA,NA,NA,NA,NA,NA,sqrt,NA,NA,NA,NA,no,NA,not reported,mixed,2,ANOVA,other,1/11,article used for feedback
"Bulganin, Lisa and Bach, Dominik R. and Wittmann, Bianca C.",2014,10.3389/fnbeh.2014.00067,Prior fear conditioning and reward learning interact in fear and reward networks,Frontiers in Behavioral Neuroscience,https://search.ebscohost.com/login.aspx?direct=true&db=psyh&AN=2014-10897-001&site=ehost-live,Fear;Amygdala;fMRI;fear conditioning;amygdala;skin conductance response;Skin Resistance;Conditioned Fear;Reinstatement;reinstatement;Rewards;Functional Magnetic Resonance Imaging;reward;Biological Neural Networks;Reward Learning;counter conditioning,no,no,no,no,CD,38,NA,23.8,2.4,unclear,group,NA,not reported,NA,NA,not reported,NA,not reported,Greenhouse-Geisser,not reported,NA,not reported,NA,not reported,NA,no,NA,NA,NA,NA,NA,NA,z,NA,NA,NA,NA,no,NA,not reported,within,3,ANOVA,rmANOVA,1/11,article used for feedback
Bradley MM and Moulder B and Lang PJ,2005,10.1111/j.0956-7976.2005.01558.x,When good things go bad: the reflex physiology of defense.,Psychological science,https://pubmed.ncbi.nlm.nih.gov/15943673/,"Female;Humans;Male;Fear;Adult;Cues;Reflex, Startle;Affect;Facial Expression;Galvanic Skin Response/physiology;Visual Perception;Association;H-Reflex;*Defense Mechanisms;Electromyography/methods;Signal Detection, Psychological;Reflex/*physiology;Bradycardia/physiopathology;Facial Muscles/physiology",no,no,no,no,CD,30,14,NA,NA,not reported,group,NA,not reported,NA,NA,not reported,NA,not reported,NA,not reported,NA,not reported,NA,not reported,NA,no,NA,NA,not reported,NA,NA,not reported,not reported,NA,NA,NA,"SCR: ""standardized SCR changes"", unspecified what transformation",NA,NA,NA,mixed,2,ANOVA,other,11,"startle EMG from orbicularis oculi, plus corrugator EMG (not reported in data transform. columns)"
"Bramwell, Shannon and Mallan, Kimberley M. and Lipp, Ottmar V.",2014,10.1111/psyp.12155,Are two threats worse than one? The effects of face race and emotional expression on fear conditioning,Psychophysiology,https://search.ebscohost.com/login.aspx?direct=true&db=psyh&AN=2014-01868-005&site=ehost-live,Galvanic Skin Response;Cues;fear conditioning;Conditioned Fear;Facial Expressions;Emotionality (Personality);Anger;race;anger;emotional expression;facial cues;Racial and Ethnic Differences;Continental Population Groups,no,no,no,no,CD,50,35,20.7,NA,not reported,group,NA,dependent variable,skewness of distribution,before,not reported,NA,not reported,NA,not reported,NA,not reported,NA,not reported,NA,no,NA,NA,NA,NA,NA,NA,"sqrt, rc",NA,NA,NA,"rc: divide SCR value by individual max SCR response, usually by 1st or 2nd US of acq",no,NA,trial-level,within,3,ANOVA,ANOVA_univariat,11,
Ahmed O and Lovibond PF,2015,10.1016/j.beth.2014.12.007,The Impact of Instructions on Generalization of Conditioned Fear in Humans.,Behavior therapy,https://pubmed.ncbi.nlm.nih.gov/26459840/,"Attention;Female;Humans;Male;Cognition;Adolescent;Young Adult;Self Report;Electroshock;Fear/*psychology;Generalization, Stimulus;Humanism;Humanities;*Conditioning, Classical;*Learning;Anxiety Disorders/psychology",no,no,no,no,CD,71,42,19.28,1.92,not reported,group,NA,not reported,NA,NA,not reported,NA,not reported,NA,not reported,NA,not reported,NA,not reported,NA,no,NA,NA,NA,NA,NA,NA,NA,log,NA,NA,not reported,no,NA,not reported,within,not reported,not reported,NA,11,no specification of statistical method
Åhs F and Kragel PA and Zielinski DJ and Brady R and LaBar KS,2015,10.1016/j.neuroimage.2015.07.051,Medial prefrontal pathways for the contextual regulation of extinguished fear in humans.,NeuroImage,https://pubmed.ncbi.nlm.nih.gov/26220745/,"Female;Humans;Environment;Galvanic Skin Response;Male;Adult;Brain Mapping;Magnetic Resonance Imaging;Psychophysiology;Fear/*physiology;User-Computer Interface;Extinction, Psychological/*physiology;Humanism;Humanities;Mental Recall/physiology;Amygdala/*physiology;Prefrontal Cortex/*physiology;Conditioning, Psychological/physiology;Neural Pathways/physiology;Hippocampus/*physiology;Anxiety/metabolism",no,no,no,no,CD,45,NA,NA,NA,unclear,group,NA,not reported,NA,NA,not reported,NA,not reported,NA,not reported,NA,not reported,NA,not reported,NA,no,NA,NA,NA,NA,NA,NA,not reported,NA,NA,NA,NA,NA,NA,NA,within,2,ANOVA,rmANOVA,11,check Suppl. Information for acquisition phase
Åhs F and Frick A and Furmark T and Fredrikson M,2015,10.1016/j.ijpsycho.2014.12.002,Human serotonin transporter availability predicts fear conditioning.,International journal of psychophysiology : official journal of the International           Organization of Psychophysiology,https://pubmed.ncbi.nlm.nih.gov/25498766/,"Female;Humans;Male;Statistics as Topic;Adult;Young Adult;Middle Aged;Conditioning, Classical/*physiology;Galvanic Skin Response/physiology;Serotonin Plasma Membrane Transport Proteins;Positron-Emission Tomography;Humanism;Humanities;*Fear;Protein Binding/drug effects;Benzylamines/pharmacokinetics;Brain/diagnostic imaging/drug effects/*metabolism;Carbon Isotopes/pharmacokinetics;Serotonin Plasma Membrane Transport Proteins/*metabolism",no,no,no,no,CD,16,8,35.0,9.4,yes,group,NA,not reported,NA,NA,not reported,NA,not reported,NA,not reported,NA,not reported,NA,not reported,NA,yes,subjects,> 5 SD (1 subj),NA,NA,NA,NA,log,NA,NA,NA,(log(SCR+1)),no,NA,not reported,within,2,t-test,ttest,11,
Boyle S and Roche B and Dymond S and Hermans D,2016,10.1080/02699931.2014.1000831,Generalisation of fear and avoidance along a semantic continuum.,Cognition & emotion,https://pubmed.ncbi.nlm.nih.gov/25648156/,"Female;Humans;Galvanic Skin Response;Male;Fear;Conditioning, Psychological;*Avoidance Learning;*Fear;*Semantics;Semantics;*Generalization, Psychological",no,no,no,no,CD,28,15,32.3,11.60,unclear,group,NA,dependent variable,"skew, kurtosis",not reported,not reported,NA,not reported,Greenhouse-Geisser,not reported,NA,not reported,NA,not reported,NA,no,NA,NA,NA,NA,NA,NA,sqrt,NA,NA,NA,not reported,no,NA,not reported,within,2,ANOVA,rmANOVA,11,
Abend R and Jalon I and Gurevitch G and Sar-El R and Shechner T and Pine DS and Hendler T and Bar-Haim Y,2016,10.1038/tp.2016.197,Modulation of fear extinction processes using transcranial electrical stimulation.,Translational psychiatry,https://pubmed.ncbi.nlm.nih.gov/27727241/,"Female;Humans;Male;Adult;Young Adult;Electric Stimulation;Galvanic Skin Response/physiology;Extinction, Psychological/*physiology;Conditioning, Classical/physiology;Fear/*physiology/*psychology;Prefrontal Cortex/*physiopathology;Generalization, Psychological/physiology;*Transcranial Direct Current Stimulation",no,no,no,no,CD,45,21,25.2,5.7,yes,group,NA,not reported,NA,NA,not reported,NA,not reported,NA,not reported,NA,not reported,NA,not reported,NA,no,NA,NA,NA,NA,NA,NA,sqrt,NA,NA,NA,not reported,yes,"ref (Britton et al., 2013; Morris et al., 1998)",trial-level,within,10,ANOVA,rmANOVA,11,
Agren T and Björkstrand J and Fredrikson M,2017,10.1016/j.bbr.2016.11.014,Disruption of human fear reconsolidation using imaginal and in vivo extinction.,Behavioural brain research,https://pubmed.ncbi.nlm.nih.gov/27840245/,"Female;Humans;Time Factors;Galvanic Skin Response;Male;Adult;Young Adult;Reinforcement, Psychology;Analysis of Variance;Imagination;Conditioning, Classical/*physiology;Electroshock/adverse effects;Extinction, Psychological/*physiology;Memory/*physiology;Humanism;Humanities;*Fear;Discrimination, Psychological/physiology;Imagination/*physiology",no,no,no,no,CD,190,133,24.08,4.16,not reported,group,NA,not reported,NA,NA,not reported,NA,not reported,NA,not reported,NA,not reported,NA,not reported,NA,no,NA,NA,NA,NA,NA,NA,rc,NA,NA,NA,rc: divide each SCR value by individual max SCR response over all stimuli and experimental phases,yes,"ref (Lykken, 1972)",trial-level,between,2,ANOVA,ANOVA_univariat,11,
Boeke EA and Moscarello JM and LeDoux JE and Phelps EA and Hartley CA,2017,10.1523/JNEUROSCI.3261-16.2017,Active Avoidance: Neural Mechanisms and Attenuation of Pavlovian Conditioned Responding.,The Journal of neuroscience : the official journal of the Society for           Neuroscience,https://pubmed.ncbi.nlm.nih.gov/28408411/,"Female;Humans;Male;Young Adult;Conditioning, Classical/*physiology;Avoidance Learning/*physiology;Attention/*physiology;Extinction, Psychological/*physiology;Nerve Net/*physiology;Corpus Striatum/*physiology",no,no,no,no,LD,97,NA,NA,NA,yes,both,"STAI, ICI, PSS, IUS",not reported,NA,NA,not reported,NA,yes,"Mauchly’s test, Greenhouse-Geisser",not reported,NA,not reported,NA,not reported,NA,no,NA,NA,NA,NA,NA,NA,"sqrt, rc",NA,NA,NA,rc: divide sqrt SCR data by mean sqrt US response during initial Acq,no,NA,not reported,mixed,4,ANOVA,rmANOVA,11,
Brown LA and LeBeau RT and Chat KY and Craske MG,2017,10.1080/02699931.2016.1158695,Associative learning versus fear habituation as predictors of long-term extinction retention.,Cognition & emotion,https://pubmed.ncbi.nlm.nih.gov/26998883/,"Female;Humans;Male;Young Adult;Conditioning, Classical;Habituation, Psychophysiologic;Reflex, Startle;Uncertainty;*Habituation, Psychophysiologic;*Extinction, Psychological;*Fear;*Association Learning",no,no,no,no,CD,63,39,20.4,2.0,partially,group,NA,residuals,not reported,not reported,yes,NA,not reported,NA,not reported,NA,yes,NA,not reported,NA,yes,trials,"> 3 SD above mean for same Stimulus time and trial N substituted by winsorizing (Tukey, 1977)",NA,NA,NA,sqrt,NA,NA,NA,NA,not reported,no,NA,not reported,within,8,ANOVA,ANOVA_univariat,11,
Arnaudova I and Krypotos AM and Effting M and Kindt M and Beckers T,2017,10.1080/02699931.2016.1204990,Fearing shades of grey: individual differences in fear responding towards generalisation stimuli.,Cognition & emotion,https://pubmed.ncbi.nlm.nih.gov/27405100/,"Female;Humans;Male;Young Adult;Conditioning, Classical/*physiology;Avoidance Learning/*physiology;Galvanic Skin Response/physiology;Fear/*psychology;*Individuality;Reflex, Startle/physiology;*Generalization, Psychological",no,no,no,no,CD,66,NA,NA,NA,yes,both,EPQ-N (neuroticism),not reported,NA,NA,not reported,NA,yes,Greenhouse-Geisser,not reported,NA,not reported,NA,not reported,NA,no,NA,NA,NA,NA,NA,raw,sqrt,NA,NA,NA,Absolute raw SCR were square-root transformed [...] with the negative sign reapplied where the raw SCR was lower than 0.,yes,"ref (Milad et al., 2006)",trial-level,mixed,2,ANOVA,other,11,"only Exp 2 includes FPS and SCR, data extracted refers to this; AY mixed rmANOVA"
Andreatta M and Pauli P,2017,10.1016/j.nlm.2017.09.005,Learning mechanisms underlying threat absence and threat relief: Influences of trait anxiety.,Neurobiology of learning and memory,https://pubmed.ncbi.nlm.nih.gov/28893668/,"Female;Humans;Galvanic Skin Response;Male;Adult;Young Adult;Conditioning, Classical;Cues;Reflex, Startle;Anxiety;Affect;Electroshock;*Anxiety;*Fear;*Learning",no,no,no,no,CD,109,NA,NA,NA,yes,both,STAI,not reported,NA,NA,not reported,NA,yes,Greenhouse-Geisser,not reported,NA,not reported,NA,not reported,NA,no,NA,NA,NA,NA,NA,raw,raw,NA,NA,NA,NA,no,NA,not reported,within,3,ANOVA,rmANOVA,11,
Alexandra Kredlow M and Orr SP and Otto MW,2018,10.1016/j.ijpsycho.2018.05.008,Who is studied in de novo fear conditioning paradigms? An examination of demographic and stimulus characteristics predicting fear learning.,International journal of psychophysiology : official journal of the International           Organization of Psychophysiology,https://pubmed.ncbi.nlm.nih.gov/29800584/,"Female;Humans;Male;Adolescent;Fear;Adult;Young Adult;Conditioning, Classical;Middle Aged;Self Report;Avoidance Learning/*physiology;Awareness/*physiology;Electroshock/adverse effects;Galvanic Skin Response/physiology;Psychophysics;Statistics, Nonparametric;*Fear;*Demography",no,no,no,no,CD,291,NA,NA,NA,partially,both,"anxiety, gender, age, ethnicity, race, education",dependent variable,presence of values > 3 IQR,after,not reported,NA,not reported,NA,not reported,NA,not reported,NA,not reported,NA,no,NA,NA,NA,NA,NA,NA,sqrt,NA,NA,NA,not reported,no,NA,average-level,,,multiple,multiple,11,is there a main effect of acq? Which model?
Battaglia S and Garofalo S and di Pellegrino G,2018,10.1038/s41598-018-31000-9,Context-dependent extinction of threat memories: influences of healthy aging.,Scientific reports,https://pubmed.ncbi.nlm.nih.gov/30135561/,"Female;Humans;Male;Adult;Age Factors;Young Adult;Aged;Middle Aged;Memory;Memory/physiology;Galvanic Skin Response/physiology;Extinction, Psychological/*physiology;Fear/physiology;Conditioning, Classical/physiology;Mental Recall/*physiology;Aging/*physiology/psychology;Healthy Aging/physiology/psychology",no,no,no,no,CD,48,24,45.46,5.59,yes,both,"neuropsy variables (Attentional Matrices Test, Raven Progressive Matrices, Verbal Span, Prose Recall, Weigl's Sorting Test)",dependent variable,not reported,both,not reported,NA,not reported,NA,not reported,NA,not reported,NA,not reported,NA,no,NA,NA,NA,NA,NA,NA,"sqrt, rc, sqrt",NA,NA,NA,"Raw SCR scores were square-root transformed to normalize the data distribution and scaled to each participant’s mean square-root-transformed US response [...] raw scores were range corrected by dividing each individual score by the subject’s mean SCR response to US. [...] Because after range correction the resulting distribution was positively skewed, these data were then square-root transformed prior to statistical analyses.",yes,"ref (Schiller et al., 2008; Lykken, 1972; Siddle et al., 1988; LaBar et al., 2004)",trial-level,mixed,2,ANOVA,rmANOVA,11,
Bublatzky F and Guerra P and Alpers GW,2018,10.1038/s41598-018-33269-2,Verbal instructions override the meaning of facial expressions.,Scientific reports,https://pubmed.ncbi.nlm.nih.gov/30301956/,"Female;Humans;Male;Fear;Adult;Electromyography;Software;*Facial Expression;Anxiety/*physiopathology;Reflex, Startle/physiology;Emotions/*physiology;Anger/physiology;*Reinforcement, Verbal",no,no,no,no,CD,40,30,22.7,7.1,unclear,both,"anxiety (STAI, SPIN)",not reported,NA,NA,not reported,NA,not reported,Greenhouse-Geisser,not reported,NA,not reported,NA,not reported,NA,no,NA,NA,raw,NA,NA,other,"rc, other",NA,NA,NA,SCR: range and distribution corrections were applied; EMG: Raw electromyogram (EMG) data were rectified and smoothed with a moving average procedure (50 ms),no,NA,not reported,mixed,2,ANOVA,rmANOVA,11,
Ahmed O and Lovibond PF,2019,10.1177/1747021818766461,Rule-based processes in generalisation and peak shift in human fear conditioning.,Quarterly journal of experimental psychology (2006),https://pubmed.ncbi.nlm.nih.gov/29516769/,"Female;Humans;Male;Adolescent;Adult;Young Adult;Conditioning, Classical/*physiology;Fear/*physiology;Humanism;Humanities;Association Learning/*physiology;Generalization, Psychological/*physiology",no,no,no,no,CD,89,52,18.99,2.61,not reported,group,NA,not reported,NA,NA,not reported,NA,not reported,NA,not reported,NA,not reported,NA,not reported,NA,no,NA,NA,NA,NA,NA,NA,NA,other,NA,NA,"SCL difference scores were then mean-corrected (Lovibond, 1992)",yes,"ref (Lovibond, 1992)",not reported,within,not reported,not reported,NA,11,"no specification of statistical model for acq, only gen"
Brueckner AH and Lass-Hennemann J and Wilhelm FH and Ferreira de Sá DS and Michael T,2019,10.1038/s41398-019-0455-0,Cortisol administration after extinction in a fear-conditioning paradigm with traumatic film clips prevents return of fear.,Translational psychiatry,https://pubmed.ncbi.nlm.nih.gov/30962423/,"Female;Humans;Male;Hydrocortisone;Fear;Adult;Young Adult;Reflex, Startle;Mental Recall;Double-Blind Method;Healthy Volunteers;*Extinction, Psychological;*Conditioning, Classical;Fear/*drug effects/*physiology;Hydrocortisone/*administration & dosage;Motion Pictures;Stress Disorders, Post-Traumatic/prevention & control",no,no,no,no,CD,73,44,NA,NA,yes,group,NA,dependent variable,NA,not reported,yes,not reported,yes,Greenhouse-Geisser,not reported,NA,not reported,NA,not reported,NA,yes,trials,Z > 3 (z-scored SCR and FPS data only for outlier detection),NA,NA,NA,t,log,NA,NA,NA,SCR: log(1 + SCR),no,NA,not reported,mixed,2,ANOVA,other,11,mixed-design ANOVA
Baeuchl C and Hoppstädter M and Meyer P and Flor H,2019,10.3758/s13415-018-00666-z,Contingency awareness as a prerequisite for differential contextual fear conditioning.,"Cognitive, affective & behavioral neuroscience",https://pubmed.ncbi.nlm.nih.gov/30523574/,"Female;Humans;Male;Adult;Young Adult;Magnetic Resonance Imaging;Conditioning, Classical/*physiology;Fear/*physiology;Awareness/*physiology;*Association;Galvanic Skin Response/*physiology;Hippocampus/diagnostic imaging/physiology;Cerebral Cortex/diagnostic imaging/*physiology;*Connectome",no,no,no,no,CD,100,NA,NA,NA,yes,group,NA,not reported,NA,NA,not reported,NA,not reported,NA,not reported,NA,not reported,NA,not reported,NA,yes,trials,"> 3 SD from mean (0.64%), rectified via linear interpolation",NA,NA,NA,NA,"other, log",NA,NA,NA,magnitude of SCRs was quantified for each trial in each subject using the time integral of the deconvoluted phasic activity over the whole response window (μS*s). [...] A constant value of 1 was added to all remaining SCRs before they were logarithmically transformed ,no,NA,trial-level,mixed,3,ANOVA,other,11,three-way mixed effects ANOVA
Bach DR and Näf M and Deutschmann M and Tyagarajan SK and Quednow BB,2019,10.1523/JNEUROSCI.1285-19.2019,Threat Memory Reminder Under Matrix Metalloproteinase 9 Inhibitor Doxycycline Globally Reduces Subsequent Memory Plasticity.,The Journal of neuroscience : the official journal of the Society for           Neuroscience,https://pubmed.ncbi.nlm.nih.gov/31615840/,"Female;Humans;Male;Adult;Young Adult;Memory;Random Allocation;Memory/*drug effects/physiology;Extinction, Psychological/drug effects/physiology;Neuronal Plasticity/drug effects/physiology;Fear/*drug effects/physiology/psychology;Doxycycline/*pharmacology;Matrix Metalloproteinases;Matrix Metalloproteinase 9/*metabolism;Matrix Metalloproteinase Inhibitors/*pharmacology;Reflex, Startle/drug effects/*physiology",yes,yes,no,yes,CD,80,40,NA,NA,not reported,group,NA,not reported,NA,NA,not reported,NA,not reported,NA,not reported,NA,not reported,NA,not reported,NA,no,NA,NA,not reported,NA,NA,other,not reported,NA,NA,not reported,EMG (SEBR): we normalized data by dividing each participant’s single-trial SEBR estimates through the mean SEBR in CS trials in the same way as in our previous report,yes,"ref (Bach et al., 2018a)",trial-level,mixed,45,"Linear Mixed Model (SCR, pupil); ANOVA (HR)","startle ~ drug*CS*time, random = 1 | subject",11,"AW: Time factor in LME model includes all 45 trials; overall, quite complex article to extract"
Antov MI and Plog E and Bierwirth P and Keil A and Stockhorst U,2020,10.1038/s41598-020-60597-z,Visuocortical tuning to a threat-related feature persists after extinction and consolidation of conditioned fear.,Scientific reports,https://pubmed.ncbi.nlm.nih.gov/32127551/,"Humans;Time Factors;Galvanic Skin Response;Male;Adolescent;Adult;Young Adult;Evoked Potentials, Visual;Extinction, Psychological/*physiology;Conditioning, Psychological/*physiology;Fear/*physiology/*psychology;Occipital Lobe/physiology;Visual Cortex/*physiology",no,no,no,no,CD,39,0,NA,NA,yes,group,NA,not reported,NA,NA,not reported,NA,not reported,Greenhouse-Geisser,not reported,NA,not reported,NA,not reported,NA,no,NA,NA,NA,NA,NA,NA,"sqrt, z",NA,NA,NA,SCR: sqrt; z-scoring within each participant using mean and SD computed over all CS responses from this participant,no,NA,trial-level,within,8,ANOVA,rmANOVA,11,"ECG data acquired, but not reported"
Andreatta M and Neueder D and Herzog K and Genheimer H and Schiele MA and Deckert J and Domschke K and Reif A and Wieser MJ and Pauli P,2020,10.1007/s13311-020-00831-8,Generalization of Conditioned Contextual Anxiety and the Modulatory Effects of Anxiety Sensitivity.,Neurotherapeutics : the journal of the American Society for Experimental           NeuroTherapeutics,https://pubmed.ncbi.nlm.nih.gov/31933066/,"Female;Humans;Male;Adult;Young Adult;Anxiety;Reflex, Startle/*physiology;Fear/*physiology/*psychology;Electric Stimulation/adverse effects;Pain Measurement/methods/psychology;Generalization, Psychological/*physiology;Anxiety/diagnosis/etiology/*psychology",no,no,no,no,CD,73,NA,NA,NA,yes,both,anxiety sensitivity (ASI),not reported,NA,NA,not reported,NA,not reported,Greenhouse-Geisser,not reported,NA,not reported,NA,not reported,NA,no,NA,NA,NA,NA,NA,raw,NA,log,NA,NA,SCL: log10 transformed,yes,"ref (Lonsdorf & Merz, 2017)",trial-level,within,2,ANOVA,ANOVA_univariat,11,
Andreatta M and Genheimer H and Wieser MJ and Pauli P,2020,10.1016/j.ijpsycho.2020.06.006,Context-dependent generalization of conditioned responses to threat and safety signals.,International journal of psychophysiology : official journal of the International           Organization of Psychophysiology,https://pubmed.ncbi.nlm.nih.gov/32561355/,"Humans;Fear;Generalization, Psychological;Conditioning, Classical;*Anxiety;*Reflex, Startle",no,no,no,no,CD,67,NA,NA,NA,yes,both,"STAI, anxiety sensitivity (ASI)",not reported,NA,NA,not reported,NA,not reported,NA,not reported,NA,not reported,NA,not reported,NA,no,NA,NA,NA,NA,NA,"z, t",rc,NA,NA,NA,not reported,yes,"ref (Andreatta et al., 2017, Glokar & Ohman, 2012, Klinke et al., 2020; Sperl et al., 2016)",trial-level,within,2,ANOVA,ANOVA_univariat,11,
Borgomaneri S and Battaglia S and Garofalo S and Tortora F and Avenanti A and di Pellegrino G,2020,10.1016/j.cub.2020.06.091,State-Dependent TMS over Prefrontal Cortex Disrupts Fear-Memory Reconsolidation and Prevents the Return of Fear.,Current biology : CB,https://pubmed.ncbi.nlm.nih.gov/32735813/,"Female;Humans;Male;Adult;Young Adult;Memory;Prefrontal Cortex;Fear/*physiology;Extinction, Psychological/*physiology;Memory/*physiology;Prefrontal Cortex/*physiology;Memory Consolidation/*physiology;Transcranial Magnetic Stimulation/*methods",yes,no,no,no,CD,98,58,23.2,2.59,yes,group,NA,not reported,NA,NA,not reported,NA,not reported,NA,not reported,NA,not reported,NA,not reported,NA,no,NA,NA,NA,NA,NA,NA,"sqrt, rc",NA,NA,NA,rc: sqrt SCR divided by mean sqrt US response,yes,"ref (Schiller et al., 2010)",not reported,mixed,2,ANOVA,ANOVA_univariat,11,
Biggs EE and Meulders A and Kaas AL and Goebel R and Vlaeyen JWS,2020,10.1515/sjpain-2019-0177,The acquisition and generalization of fear of touch.,Scandinavian journal of pain,https://pubmed.ncbi.nlm.nih.gov/32712594/,"Female;Humans;Male;Adult;Young Adult;Conditioning, Classical;Fear/*psychology;Touch;Pain/*psychology;Electric Stimulation/methods;*Touch;Impatiens",no,no,no,no,CD,31,NA,NA,NA,yes,group,NA,not reported,NA,NA,not reported,NA,not reported,NA,not reported,NA,not reported,NA,not reported,NA,no,NA,NA,NA,NA,NA,z,NA,NA,NA,NA,NA,no,NA,not reported,within,4,Bayesian model,other,11,"SCR data acquired, but not reported"
Bublatzky F and Schellhaas S and Guerra P,2022,10.1038/s41598-022-06514-y,The mere sight of loved ones does not inhibit psychophysiological defense mechanisms when threatened.,Scientific reports,https://pubmed.ncbi.nlm.nih.gov/35169193/,"Female;Humans;Male;Adult;Young Adult;Face;Healthy Volunteers;Fear/*psychology;Defense Mechanisms;Extinction, Psychological/*physiology;Conditioning, Classical/physiology;*Cues;Attention/physiology;Reflex, Startle/physiology;Anxiety/psychology;*Defense Mechanisms;*Love;*Family;*Friends",yes,yes,no,no,LD,33,24,23.97,3.14,yes,group,NA,not reported,NA,NA,not reported,NA,not reported,Greenhouse-Geisser,not reported,NA,not reported,NA,not reported,NA,no,NA,NA,NA,NA,NA,not reported,"rc, other",NA,NA,NA,SCR: range and distribution correction were applied within each participant [square root (response/maximum response)].,no,NA,not reported,within,3,ANOVA,rmANOVA,11,
Atlas LY and Sandman CF and Phelps EA,2022,10.1111/psyp.13979,Rating expectations can slow aversive reversal learning.,Psychophysiology,https://pubmed.ncbi.nlm.nih.gov/34837385/,"Attention;Female;Humans;Male;Adult;Young Adult;Conditioning, Classical/*physiology;Arousal/physiology;Galvanic Skin Response/*physiology;Reversal Learning/*physiology",no,no,no,no,CD,89,NA,NA,NA,partially,group,NA,not reported,NA,NA,not reported,NA,not reported,NA,not reported,NA,not reported,NA,not reported,NA,no,NA,NA,NA,NA,NA,NA,"sqrt, rc",NA,NA,NA,Amplitude estimates were square root transformed [...] and normalized relative to each participant’s mean square-root-transformed US response,yes,"ref (Schlosberg & Stanley, 1953; Ben-Shakhar, 1985; Fowles et al., 1981).",not reported,mixed,2,Linear Mixed Model,SCR ~ Group * Stimulus * Phase,11,
Batsikadze G and Diekmann N and Ernst TM and Klein M and Maderwald S and Deuschl C and Merz CJ and Cheng S and Quick HH and Timmann D,2022,10.1016/j.neuroimage.2022.119080,The cerebellum contributes to context-effects during fear extinction learning: A 7T fMRI study.,NeuroImage,https://pubmed.ncbi.nlm.nih.gov/35276369/,"Humans;Galvanic Skin Response;Male;Brain Mapping;Magnetic Resonance Imaging;Cerebellum;*Fear/physiology;*Extinction, Psychological/physiology;Cerebellum/diagnostic imaging/physiology",no,no,no,no,CD,41,0,25.93,3.6,yes,group,NA,dependent variable,Shapiro-Wilk test,after,not reported,NA,not reported,NA,not reported,NA,not reported,NA,not reported,NA,no,NA,NA,NA,NA,NA,NA,log,NA,NA,NA,ln(1+SCR),yes,"ref (Boucsein, 2012; Venables & Christie, 1980)",not reported,within,16,non-param ANOVA,other,11,
Armstrong T and Engel M and Dalmaijer ES,2022,10.1016/j.biopsycho.2022.108401,Vigilance: A novel conditioned fear response that resists extinction.,Biological psychology,https://pubmed.ncbi.nlm.nih.gov/35872286/,"Humans;Eye Movements;Fear/physiology;Conditioning, Classical/physiology;Anxiety/psychology;*Attentional Bias/physiology;*Attention/physiology",yes,yes,yes,no,CD,88,56,19.8,1.37,not reported,group,NA,not reported,NA,NA,not reported,NA,not reported,NA,not reported,NA,not reported,NA,not reported,NA,no,NA,NA,NA,NA,NA,NA,NA,NA,not reported,not reported,NA,NA,NA,NA,within,16,Linear Mixed Effects Model,Pupil/Gaze ~ Stimulus * Phase * TrialN + (1 | Participant),11,
Bacigalupo F and Luck SJ,2022,10.1093/scan/nsac029,Alpha-band EEG suppression as a neural marker of sustained attentional engagement to conditioned threat stimuli.,Social cognitive and affective neuroscience,https://pubmed.ncbi.nlm.nih.gov/35434733/,"Attention;Humans;Young Adult;Electroencephalography;Conditioning, Operant;*Extinction, Psychological;*Conditioning, Classical",no,no,no,no,CD,70,49,21,NA,yes,group,NA,not reported,NA,NA,not reported,NA,not reported,NA,not reported,NA,not reported,NA,not reported,NA,no,NA,NA,NA,NA,NA,NA,not reported,NA,NA,NA,NA,NA,NA,NA,within,2,t-test,ttest,11,
Battaglia S and Orsolini S and Borgomaneri S and Barbieri R and Diciotti S and di Pellegrino G,2022,10.1111/psyp.14122,Characterizing cardiac autonomic dynamics of fear learning in humans.,Psychophysiology,https://pubmed.ncbi.nlm.nih.gov/35671393/,Humans;Humanism;Humanities;Fear/physiology;Vagus Nerve/physiology;Heart Rate/physiology;*Autonomic Nervous System/physiology;*Heart/physiology,yes,yes,no,no,CD,54,NA,NA,NA,yes,group,NA,dependent variable,Shapiro-Wilk test,after,not reported,NA,not reported,NA,not reported,NA,not reported,NA,not reported,NA,no,NA,NA,other,z,NA,NA,"sqrt, rc",NA,NA,NA,SCR: SCR peak-to-peak values were square-root transformed and scaled to each participant's average square-root of US responses; HR: the value associated with average HR was removed from the RR interval sequence subtracting the moving-median computed over the past T seconds to preserve causality; HRV: HRV indices were normalized using a moving modified z score,yes,"ref (Schiller et al., 2008; Siddle et al., 1988) (Iglewicz & Hoaglin, 1993)",trial-level,within,"4,2","ANOVA (SCR), non-param Mann-Whitney U test (HRV)",other,11,mixed-design ANOVA
Albayrak B and Jablonski L and Felderhoff-Mueser U and Huening BM and Ernst TM and Timmann D and Batsikadze G,2023,10.1038/s41598-023-38391-4,Fear conditioning is preserved in very preterm-born young adults despite increased anxiety levels.,Scientific reports,https://pubmed.ncbi.nlm.nih.gov/37443342/,"Female;Humans;Infant, Newborn;Galvanic Skin Response;Young Adult;Anxiety;Extinction, Psychological/physiology;Fear/physiology;*Infant, Extremely Premature;*Premature Birth",no,no,no,yes,CD,80,NA,NA,NA,no,both,"Depression-Anxiety-Stress-Scale-21, sex",dependent variable,Shapiro-Wilk test,after,not reported,NA,not reported,NA,not reported,NA,not reported,NA,not reported,NA,no,NA,NA,NA,NA,NA,NA,log,NA,NA,NA,ln(1+SCR),yes,"ref (Boucsein, 2012; Christie, 1981; Boucsein, 1992)",average-level,mixed,3,non-param ANOVA,other,11,
Bierwirth P and Antov MI and Stockhorst U,2023,10.1111/psyp.14283,Oscillatory and non-oscillatory brain activity reflects fear expression in an immediate and delayed fear extinction task.,Psychophysiology,https://pubmed.ncbi.nlm.nih.gov/36906880/,"Humans;Galvanic Skin Response;Male;Brain;Electroencephalography;Learning/physiology;*Fear/physiology;*Extinction, Psychological/physiology",no,no,no,no,CD,40,0,23.6,3.44,yes,group,NA,not reported,NA,NA,yes,Levene's test,not reported,Greenhouse-Geisser,not reported,NA,not reported,NA,not reported,NA,no,NA,NA,other,NA,NA,NA,z,NA,NA,NA,"SCR: individual mean SCR and sd for each participant over all conditions and learning phases, then z-standardize each raw SCR by subtracting mean SCR of the respective participant and divide resulting difference by sd; HR: Single-        trial IBI data were baseline corrected by subtracting the mean baseline IBI (−1000-0 ms relative to stimulus onset) from each sample point of the IBI signal.",yes,"ref (Ben-Shakhar, 1985)",trial-level,mixed,15,ANOVA,other,11,mixed ANOVA
Adams TG and Kelmendi B and George JR and Forte J and Hubert TJJ and Wild H and Rippey CS and Pittenger C,2023,10.1016/j.nlm.2023.107825,Frontopolar multifocal transcranial direct current stimulation reduces conditioned fear reactivity during extinction training: A pilot randomized controlled trial.,Neurobiology of learning and memory,https://pubmed.ncbi.nlm.nih.gov/37699439/,"Humans;Pilot Projects;Extinction, Psychological/physiology;Fear/physiology;Prefrontal Cortex/physiology;*Transcranial Direct Current Stimulation;Single-Blind Method",no,no,no,no,CD,35,20,34.17,NA,yes,group,NA,not reported,NA,NA,not reported,NA,not reported,NA,not reported,NA,not reported,NA,not reported,NA,no,NA,NA,NA,NA,NA,NA,raw,NA,NA,NA,NA,NA,NA,NA,mixed,2,ANOVA,other,11,mixed ANOVA
Aslanidou A and Andreatta M and Wong AHK and Wieser MJ,2024,10.1111/psyp.14423,No influence of threat uncertainty on fear generalization.,Psychophysiology,https://pubmed.ncbi.nlm.nih.gov/37623276/,"Female;Humans;Arousal;Uncertainty;*Fear/physiology;*Evoked Potentials, Visual;Generalization, Psychological/physiology",yes,no,no,yes,CD,95,NA,NA,NA,not reported,group,NA,not reported,NA,NA,not reported,NA,not reported,NA,not reported,NA,not reported,NA,not reported,NA,no,NA,NA,NA,NA,NA,NA,log,NA,NA,NA,log[1+SCR],no,NA,trial-level,mixed,2,Linear Mixed Model,SCR ~ Stimulus * Time * Group + (1 | Participant),11,
Boehme S and Herrmann MJ and Mühlberger A,2024,10.1016/j.bbr.2023.114804,Good moments to stimulate the brain - A randomized controlled double-blinded study on anodal transcranial direct current stimulation of the ventromedial prefrontal cortex on two different time points in a two-day fear conditioning paradigm.,Behavioural brain research,https://pubmed.ncbi.nlm.nih.gov/38103872/,"Humans;Brain;Prefrontal Cortex;Extinction, Psychological/physiology;Fear/physiology;Prefrontal Cortex/physiology;*Transcranial Direct Current Stimulation/methods",no,no,no,no,CD,95,NA,NA,NA ,yes,group,NA,not reported,NA,NA,not reported,NA,not reported,NA,not reported,NA,not reported,NA,not reported,NA,no,NA,NA,NA,NA,NA,NA,"z, t",NA,NA,NA,not reported,no,NA,not reported,mixed,2,ANOVA,rmANOVA,11,