Sympathetic ,year,doi,title,journal,url,keywords,"open data (yes, no)","open code (yes, no)","open material (yes, no)",preregistration yes/no,"longitudinal design (LD), cross-sectional design (CD), unclear",n_with_exclusions,n_female_total,age_mean_total,age_sd_total,"mental health disorder exclusion (yes, no, unclear, not reported, only control group, partially)","Was an individual level analysis conducted in the study? group/ individual level analysis, both","If an individual level analysis was conducted in the study, what was the variable of interest? (e.g. sex/ gender, STAI, IUS, BDI, multiple)","Was the normal distribution checked? answers: dependent variable, independent variable, residuals, mixed, not reported","If yes, how? (e.g., specific test or visually), if no: NA","If yes, was the normal distribution tested before or after transformation procedure? answers: before, after, both, not reported. if no: NA","Was the homoscedasticity checked? answers: yes, not reported","If yes, how?  (e.g., specific test or visually), if no: NA","Was the sphericity checked? answers: yes, not reported","If yes, how?  (e.g., specific test or visually), if no: NA","Was the independence of residuals checked? answers: yes, not reported","If yes, how?  (e.g., specific test or visually), if no: NA","Was the linearity checked? answers: yes, not reported","If yes, how?  (e.g., specific test or visually), if no: NA","Was the multicollinearity checked? answers: yes, not reported","If yes, how?   (e.g., specific test or visually), if no: NA","outlier removal reported? yes, no (this refers to quantitative measures such as +/-3SD and not qualitative ones (artifacts, zero responses)","outlier refer to: subjects, trials, both, NA, not reported","outlier criterion (e.g., +/- 2SD; this refers to quantitative measures such as +/-2SD and not qualitative ones (artifacts, zero responses)",HR (BPM),HRV,EMG orbicularis oculi,EMG startle,SCR,SCL,EYE tracking,PUPIL SIZE,"specification of data transformation method (e.g. range correction formula), not reported (if there are multiple different specifications for multiple outcome measures, extract them all)",is there a rationale for specific data transformation procedure (e.g. guideline)? yes/ no,which rationale? (e.g. guideline/ ref/ not reported),"was the transformation applied (AND EXPLICITELY STATED IN THE METHODS SECTION) on trial level or on an average-level (across trials)/ other/ or not reported (if this is done differently for various outcome measures, indicate it)","Stastistical model: within, between or mixed design? (e.g., paired t-test = within, independent t-test = between)","If within or mixed: how many within factor levels (of largest within factor)? (e.g., two different CS stimuli = two within factors)","Main statistical test: t-test, AN(C)OVA, correlation, regression, mixed model, other (ask Perplexity.ai with copy pasting info from the method section)","Main statistical test: further specification (e.g., non-parametric test), if ANCOVA: centered covariate?, if mixed model: paste formula here, of other: name of test (e.g. chi-squared, MANOVA)",reviewer_ID,comment
,,,,,,,,,,,,,,,,,,,,,,,,,,,,,,,,,,,,,,,,,,,,,,,,,,,,
"Faul, Leonard and Stjepanović, Daniel and Stivers, Joshua M. and Stewart, Gregory W. and Graner, John L. and Morey, Rajendra A. and LaBar, Kevin S.",2020,10.1073/pnas.2004258117,Proximal threats promote enhanced acquisition and persistence of reactive fear-learning circuits,PNAS Proceedings of the National Academy of Sciences of the United States of America,https://search.ebscohost.com/login.aspx?direct=true&db=psyh&AN=2020-58241-008&site=ehost-live,Fear;Stress;Learning;fear conditioning;Threat;Conditioned Fear;Extinction (Learning);Functional Magnetic Resonance Imaging;virtual reality;Virtual Reality;representational similarity analysis;cerebellum;Persistence;proximity;Stereoscopic Presentation,yes,no,no,no,CD,49,18,24.55,4.16,yes,group,NA,not reported,NA,NA,not reported,NA,not reported,NA,not reported,NA,not reported,NA,not reported,NA,no,NA,NA,NA,NA,NA,NA,rc,NA,NA,NA,CR/mean(UCR),yes,http://doi.org/10.1101/lm.1431609,trial,within,2,ANOVA,rmANOVA,17,Mario
Grillon C and Ameli R and Merikangas K and Woods SW and Davis M,1993,10.1111/j.1469-8986.1993.tb02055.x,Measuring the time course of anticipatory anxiety using the fear-potentiated startle reflex.,Psychophysiology,https://pubmed.ncbi.nlm.nih.gov/8327619/,"Female;Humans;Time Factors;Male;Adolescent;Adult;Analysis of Variance;Acoustic Stimulation;Anxiety;Electric Stimulation;Fear/*physiology;Habituation, Psychophysiologic/physiology;Reaction Time/physiology;Anxiety/*physiopathology;Blinking/physiology;H-Reflex;Reflex, Startle/*physiology",no,no,no,no,CD,20,10,27.3,9.04,no,group,NA,not reported,NA,NA,not reported,NA,yes,Greenhouse-Geisser,not reported,NA,not reported,NA,not reported,NA,no,NA,NA,NA,NA,NA,raw,NA,NA,NA,NA,NA,NA,NA,not reported,mixed,5,ANOVA,rmANOVA,17,Mario
Grillon C and Falls WA and Ameli R and Davis M,1994,10.1002/anxi.3070010105,Safety signals and human anxiety: a fear-potentiated startle study.,Anxiety,https://pubmed.ncbi.nlm.nih.gov/9160541/,"Attention;Female;Humans;Male;Adult;Acoustic Stimulation;Blinking;Anxiety;Electroshock;Humanism;Humanities;Set, Psychology;*Fear;Anxiety/*psychology;*Arousal;*Association Learning;*Reflex, Startle;*Safety;Students/psychology",no,no,no,no,CD,14,5,23.7,5,yes,group,NA,not reported,NA,NA,not reported,NA,yes,Greenhouse-Geisser,not reported,NA,not reported,NA,not reported,NA,no,NA,NA,NA,NA,NA,raw,NA,NA,NA,NA,NA,NA,NA,not reported,within,3,ANOVA,rmANOVA,17,Mario
"Espinosa, Lisa and Bonsall, Michael B. and Becker, Nina and Holmes, Emily A. and Olsson, Andreas",2022,10.1016/j.brat.2022.104161,Pavlovian threat conditioning can generate intrusive memories that persist over time,Behaviour Research and Therapy,https://search.ebscohost.com/login.aspx?direct=true&db=psyh&AN=2022-99494-001&site=ehost-live,Galvanic Skin Response;Social Support;Pavlovian conditioning;Skin conductance;Threat;Trauma;Memory;Classical Conditioning;Intrusive Thoughts;Mental imagery;Intrusive memories;Social Interaction;Social support,no,no,no,no,CD,91,74,26.6,5.66,yes,group,NA,not reported,NA,NA,not reported,NA,not reported,NA,not reported,NA,not reported,NA,yes,VIF,no,NA,NA,NA,NA,NA,NA,sqrt,NA,NA,NA,sqrt,NA,NA,not reported,mixed,6,mixed model,other,17,Mario
"Gazendam, Femke J. and Kamphuis, Jan H. and Eigenhuis, Annemarie and Huizenga, Hilde M. H. and Soeter, Marieke and Bos, Marieke G. N. and Sevenster, Dieuwke and Kindt, Merel",2015,10.1177/2167702614535914,Personality predicts individual variation in fear learning: A multilevel growth modeling approach,Clinical Psychological Science,https://search.ebscohost.com/login.aspx?direct=true&db=psyh&AN=2015-09982-002&site=ehost-live,Fear;Stress;extinction;fear conditioning;Conditioned Fear;individual differences;Individual Differences;Personality Traits;startle response;personality;Computational Modeling;Multidimensional Personality Questionnaire;multilevel growth curve modeling,no,no,no,no,CD,236,160,,NA,yes,both,startle,not reported,NA,NA,not reported,NA,not reported,NA,not reported,NA,yes,quadratic random slopes,not reported,NA,yes,trials,+/-3SD,NA,NA,NA,"rc, sqrt",NA,NA,NA,NA,sqrt: having a quadratic predictor is similar to sqrt of the criterion; rc: (X-baseline)/baseline,yes,"Biesanz, Deeb-Sossa, Papadakis, Bollen, & Curran, 2004",trial,within,2,multilevel growth curve model,other,17,Mario
"Gazendam, Femke J. and Krypotos, Angelos-Miltiadis and Kamphuis, Jan H. and van der Leij, Andries R. and Huizenga, Hilde M. H. and Eigenhuis, Annemarie and Kindt, Merel",2020,10.1016/j.ijpsycho.2020.09.017,From adaptive to maladaptive fear: Heterogeneity in threat and safety learning across response systems in a representative sample,International Journal of Psychophysiology,https://search.ebscohost.com/login.aspx?direct=true&db=psyh&AN=2020-95076-027&site=ehost-live,Fear;Learning;fear conditioning;anxiety;translational research;Conditioning;Psychophysiology;Anxiety;Threat;Stress Reactions;Safety;individual differences;Distress;anxiety vulnerability;associative fear learning;Well Being,no,no,no,no,CD,936,481,24.61,1.81,no,group,NA,not reported,NA,NA,not reported,NA,not reported,NA,not reported,NA,not reported,NA,not reported,NA,yes,trials,+/-3SD,NA,NA,NA,rc,within-subject centering,NA,NA,NA,EMG: (CR - baseline) / baseline; SCR: CR − mean(CR),yes,"EMG: Tabachnick and Fidell, 2007; Walker & Davis, 2002); SCR: (Lovibond, 1988; see also Lykken, Rose, Luther, & Maley, 1966)
Fidell, 2007; Walker & Davis, 2002).
Fidell, 2007; Walker & Davis, 2002).",trial,within,6,latent class growth curve modeling,other,17,Mario
"Grégoire, Laurent and Greening, Steven G.",2020,10.1080/02699931.2019.1604319,Fear of the known: Semantic generalisation of fear conditioning across languages in bilinguals,Cognition and Emotion,https://search.ebscohost.com/login.aspx?direct=true&db=psyh&AN=2019-21738-001&site=ehost-live,Fear;Fear conditioning;Conditioned Fear;Shock;emotion;fear;Cognitive Generalization;Cognitive Processes;semantic;Semantics;bilingual;Bilingualism;semantic generalisation;Words (Phonetic Units),yes,no,no,no,CD,22,13,23.55,3.7,yes,group,NA,not reported,NA,NA,not reported,NA,not reported,NA,not reported,NA,not reported,NA,not reported,NA,no,NA,NA,NA,NA,NA,NA,sqrt,NA,NA,NA,sqrt,yes,"Dunsmoor et al., 2012",not reported,within,2,ANOVA,rmANOVA,17,Mario
"Felmingham, Kim L. and Caruana, Julia M. and Miller, Lisa N. and Ney, Luke J. and Zuj, Daniel V. and Hsu, Chia Ming K. and Nicholson, Emma and To, Annie and Bryant, Richard A.",2021,10.1016/j.brat.2021.103875,Lower estradiol predicts increased reinstatement of fear in women,Behaviour Research and Therapy,https://search.ebscohost.com/login.aspx?direct=true&db=psyh&AN=2021-54714-001&site=ehost-live,Fear;Fear conditioning;Extinction;Return of fear;Conditioned Fear;Extinction (Learning);Reinstatement;Estradiol;Sex Hormones;Human Females;Effect;Fear reinstatement;Fear relapse;Response Amplitude;Sex hormones;Skin conductance response amplitude,no,no,no,no,CD,42,42,22,7.2,yes,both,estradiol & progesterone,not reported,NA,NA,not reported,NA,not reported,NA,not reported,NA,not reported,NA,not reported,NA,no,NA,NA,NA,NA,NA,NA,sqrt,NA,NA,NA,sqrt,no,NA,not reported,mixed,5,mixed model,other,17,Mario
Flykt A and Esteves F and Ohman A,2007,10.1016/j.biopsycho.2006.08.004,Skin conductance responses to masked conditioned stimuli: phylogenetic/ontogenetic factors versus direction of threat?,Biological psychology,https://pubmed.ncbi.nlm.nih.gov/17049710/,"Female;Humans;Male;Animals;Adult;Skin;Firearms;Snakes;Conditioning, Classical/*physiology;Fear/*physiology;Orientation;Spiders;Extinction, Psychological/physiology;Arousal/*physiology;*Biological Evolution;Habituation, Psychophysiologic/physiology;Galvanic Skin Response/*physiology;Attention/physiology;Perceptual Masking/*physiology;*Phylogeny;*Socialization;Autonomic Nervous System/physiology",no,no,no,no,CD,96,44,24.13,NA,no,group,NA,not reported,NA,NA,not reported,NA,yes,"epsilon correction (Jennings, 1987)",not reported,NA,not reported,NA,not reported,NA,no,NA,NA,NA,NA,NA,NA,"rc, sqrt",NA,NA,NA,sqrt(SCR / max(SCR)),yes,"range correction: Lykken and Venables (1971); sqrt: Tabachnik and Fidell, 1989; Lykken and Venables, 1971",trial,mixed,20,ANOVA,rmANOVA,17,Mario
"Forsyth, John P. and Eifert, Georg H. and Thompson, Risa N.",1996,10.1016/S0005-7894(96)80024-4,Systemic alarms in fear conditioning II: An experimental methodology using 20% carbon dioxide inhalation as an unconditioned stimulus,Behavior Therapy,https://search.ebscohost.com/login.aspx?direct=true&db=psyh&AN=1997-02218-006&site=ehost-live,Fear;Conditioning;Alarm Responses;Carbon Dioxide;college students;abrupt aversive systemic bodily responses in fear acquisition & extinction,no,no,no,no,CD,64,33,,NA,no,group,NA,not reported,NA,NA,not reported,NA,not reported,NA,not reported,NA,not reported,NA,not reported,NA,no,NA,NA,raw,NA,NA,NA,rc,raw,NA,NA,SCR / (max(SCR) - min(SCR),no,NA,trial,mixed,4,ANOVA,rmANOVA,17,Mario
"Effting, Marieke and Kindt, Merel",2007,10.1016/j.brat.2007.02.011,Contextual control of human fear associations in a renewal paradigm,Behaviour Research and Therapy,https://search.ebscohost.com/login.aspx?direct=true&db=psyh&AN=2007-12530-003&site=ehost-live,"Female;Humans;Galvanic Skin Response;Male;Models, Psychological;Extinction, Psychological;Fear;Adult;Conditioning, Classical;extinction;Analysis of Variance;skin conductance;Conditioned Fear;Extinction (Learning);Exposure Therapy;renewal;Electroshock;human fear conditioning;Generalization (Psychology);Humanism;Humanities;exposure therapy;expectancy ratings",no,no,no,no,CD,135,94,,NA,no,group,NA,not reported,NA,NA,not reported,NA,yes,Greenhouse-Geisser,not reported,NA,not reported,NA,not reported,NA,no,NA,NA,NA,NA,NA,NA,"rc, sqrt",NA,NA,NA,sqrt(SCR / max(SCR)),partially,rc: Lykken & Venables (1971); sqrt: no,trial,mixed,10,ANOVA,rmANOVA,17,Mario
"Hajcak, G. and Castille, C. and Olvet, D. M. and Dunning, J. P. and Roohi, J. and Hatchwell, E .",2009,10.1111/j.1601-183X.2008.00447.x,Genetic variation in brain-derived neurotrophic factor and human fear conditioning,"Genes, Brain & Behavior",https://search.ebscohost.com/login.aspx?direct=true&db=psyh&AN=2009-01299-010&site=ehost-live,"Female;Humans;Male;Genetic Variation;Fear;Amygdala;Young Adult;Brain;Photic Stimulation;Reflex, Startle;Acoustic Stimulation;fear conditioning;amygdala;Blinking;Electromyography;Brain-Derived Neurotrophic Factor;Genotype;Conditioned Fear;Brain Derived Neurotrophic Factor;Polymorphism;associative learning;Associative Processes;Genetics;Conditioning (Psychology);Data Interpretation, Statistical;brain derived neurotrophic factor;polymorphism;Humanism;Humanities;Nerve Growth Factors;genetic variation",no,no,no,no,CD,62,33,,NA,no,group,NA,not reported,NA,NA,not reported,NA,yes,Greenhouse-Geisser,not reported,NA,not reported,NA,not reported,NA,no,NA,NA,NA,NA,NA,t,NA,NA,NA,NA,(CR - mean(CR)) / (sd(CR)) * 10 + 50,no,NA,trial,mixed,4,ANOVA,rmANOVA,17,Mario
Gazendam FJ and Kindt M,2012,10.1371/journal.pone.0034882,Worrying affects associative fear learning: a startle fear conditioning study.,PloS one,https://pubmed.ncbi.nlm.nih.gov/22514684/,"Female;Humans;Male;Adolescent;Adult;Young Adult;Conditioning, Classical;Fear/*physiology;Memory/physiology;Anxiety/*physiopathology;Reflex, Startle/physiology;Anxiety Disorders/physiopathology",no,no,no,no,CD,69,51,22.2,NA,yes,group,NA,not reported,NA,NA,not reported,NA,yes,Greenhouse-Geisser,not reported,NA,not reported,NA,not reported,NA,yes,both,+/-3SD,NA,NA,NA,t,raw,NA,NA,NA,(CR - mean(CR)) / (sd(CR)) * 10 + 50,yes,Bush & Hess (1993),trial,mixed,4,ANOVA,rmANOVA,17,Mario
Guhn A and Dresler T and Hahn T and Mühlberger A and Ströhle A and Deckert J and Herrmann MJ,2012,10.1159/000337002,Medial prefrontal cortex activity during the extinction of conditioned fear: an investigation using functional near-infrared spectroscopy.,Neuropsychobiology,https://pubmed.ncbi.nlm.nih.gov/22538209/,"Female;Humans;Male;Statistics as Topic;Adult;Young Adult;Brain Mapping;Analysis of Variance;Arousal;Prefrontal Cortex;Conditioning, Classical/*physiology;Hemodynamics;*Extinction, Psychological;*Fear;Oxyhemoglobins/*metabolism;Prefrontal Cortex/blood supply/*physiology;Spectroscopy, Near-Infrared",no,no,no,no,CD,35,17,24.7,3.32,yes,both,"fNIRS, expectancy ratings",not reported,NA,NA,not reported,NA,yes,Greenhouse-Geisser,not reported,NA,not reported,NA,not reported,NA,no,NA,NA,NA,NA,NA,NA,log,NA,NA,NA,log(SCR + 1),no,NA,not reported,within,2,t-test,ttest,17,Mario
"Forsyth, John P. and Eifert, Georg H.",1998,10.1037/0021-843X.107.2.291,Response intensity in content-specific fear conditioning comparing 20% versus 13% CO₂-enriched air as unconditioned stimuli,Journal of Abnormal Psychology,https://search.ebscohost.com/login.aspx?direct=true&db=psyh&AN=1998-01924-011&site=ehost-live,"Female;Humans;Galvanic Skin Response;Heart Rate;Male;Adolescent;Fear;Adult;Conditioning, Classical;Sex Factors;Electromyography;Conditioning;Psychophysiology;Arousal;Dose-Response Relationship, Drug;Carbon Dioxide;college students;Carbon Monoxide;intensity of CO2 induced psychophysiological responses & content specific fear conditioning",no,no,no,no,CD,96,48,19.8,3.13,no,both,only heart rate: questionnaires,not reported,NA,NA,not reported,NA,yes,Greenhouse-Geisser,not reported,NA,not reported,NA,not reported,NA,no,NA,NA,raw,NA,NA,NA,raw,NA,NA,NA,NA,NA,NA,not reported,mixed,4,ANOVA,rmANOVA,17,Mario
Glenn CR and Lieberman L and Hajcak G,2012,10.1016/j.ijpsycho.2012.09.006,Comparing electric shock and a fearful screaming face as unconditioned stimuli for fear learning.,International journal of psychophysiology : official journal of the International           Organization of Psychophysiology,https://pubmed.ncbi.nlm.nih.gov/23007035/,"Female;Humans;Male;Psychiatric Status Rating Scales;Adolescent;Young Adult;Analysis of Variance;Photic Stimulation;Electromyography;Conditioning, Classical/*physiology;*Fear;*Electroshock;*Facial Expression;Reflex, Startle/physiology;Anxiety/etiology/*psychology",no,no,no,no,CD,47,25,19.44,1.89,no,both,startle,not reported,NA,NA,not reported,NA,yes,Greenhouse-Geisser,not reported,NA,not reported,NA,not reported,NA,yes,subjects,+/-2SD,NA,NA,NA,t,NA,NA,NA,NA,(CR - mean(CR)) / (sd(CR)) * 10 + 50,no,NA,trial,mixed,3,ANOVA,rmANOVA,17,Mario
"Guimarães, F. S. and Hellewell, J. and Hensman, R. and Wang, M. and Deakin, J. F. W.",1991,10.1007/BF02244184,"Characterization of a psychophysiological model of classical fear conditioning in healthy volunteers: Influence of gender, instruction, personality and placebo",Psychopharmacology,https://search.ebscohost.com/login.aspx?direct=true&db=psyh&AN=1991-32474-001&site=ehost-live,"Female;Humans;Galvanic Skin Response;Male;Models, Psychological;Personality;Fear;Adult;Conditioning, Classical;Analysis of Variance;Sex Factors;Aversion Conditioning;Human Sex Differences;Personality Traits;18–36 yr olds;aversively conditioned skin conductance;Personality Tests;Placebo;Placebos;sex vs personality vs instruction vs placebo",no,no,no,no,CD,60,30,,NA,no,both,"extraversion, neuroticism",dependent variable,not specified,both,not reported,NA,not reported,NA,not reported,NA,not reported,NA,not reported,NA,no,NA,NA,NA,NA,NA,NA,log,log,NA,NA,ln(CR + 0.01),no,NA,not reported,mixed,10,MANOVA,rmANOVA,17,Mario
"Greening, Steven G. and Lee, Tae-Ho and Mather, Mara",2016,10.3390/brainsci6010002,Individual differences in anticipatory somatosensory cortex activity for shock is positively related with trait anxiety and multisensory integration,Brain Sciences,https://search.ebscohost.com/login.aspx?direct=true&db=psyh&AN=2016-09844-002&site=ehost-live,Fear;fMRI;fear conditioning;amygdala;anxiety;Anxiety;emotion;fear;Somatosensory Cortex;Individual Differences;fear network;functional connectivity;multisensory integration,no,no,no,no,CD,20,11,21.95,NA,yes,group,NA,not reported,NA,NA,not reported,NA,not reported,NA,not reported,NA,not reported,NA,not reported,NA,no,NA,NA,NA,NA,NA,NA,raw,NA,NA,NA,NA,NA,NA,not reported,within,2,t-test,ttest,17,Mario
Haddad AD and Xu M and Raeder S and Lau JY,2013,10.1080/02699931.2012.747428,Measuring the role of conditioning and stimulus generalisation in common fears and worries.,Cognition & emotion,https://pubmed.ncbi.nlm.nih.gov/23216275/,"Female;Humans;Male;Adult;Cues;Reflex, Startle;Facial Expression;Visual Perception;Fear/*psychology;Social Perception;Anxiety/*psychology;*Conditioning, Classical;*Generalization, Psychological",no,no,no,no,CD,47,33,22.2,3.7,yes,group,NA,not reported,NA,NA,not reported,NA,yes,Greenhouse-Geisser,not reported,NA,not reported,NA,not reported,NA,yes,trials,CR < 0,NA,NA,NA,t,NA,NA,NA,NA,(CR - mean(CR)) / (sd(CR)) * 10 + 50,NA,NA,trial,within,6,ANOVA,rmANOVA,17,Mario
Gazendam FJ and Kamphuis JH and Kindt M,2013,10.1016/j.biopsycho.2012.11.006,Deficient safety learning characterizes high trait anxious individuals.,Biological psychology,https://pubmed.ncbi.nlm.nih.gov/23174693/,"Female;Humans;Male;Psychiatric Status Rating Scales;Adolescent;Adult;Young Adult;Analysis of Variance;Reflex, Startle;Conditioning, Classical/*physiology;Self Report;Avoidance Learning;Galvanic Skin Response/physiology;*Safety;Fear/psychology;Anxiety Disorders/*complications;Learning Disabilities/*etiology",no,no,no,no,CD,44,29,19.11318182,1.789926357,no,group,NA,not reported,NA,NA,not reported,NA,yes,Greenhouse-Geisser,not reported,NA,yes,linear & quadratic trends (for factor trial),not reported,NA,yes,both,EMG > 3.29 SD; SCR < .05 µS,NA,NA,NA,raw,raw,NA,NA,NA,NA,NA,NA,not reported,mixed,8,ANOVA,rmANOVA,17,Mario
Golkar A and Bellander M and Öhman A,2013,10.1037/a0030892,Temporal properties of fear extinction--does time matter?,Behavioral neuroscience,https://pubmed.ncbi.nlm.nih.gov/23231494/,"Female;Humans;Time Factors;Male;Adolescent;Adult;Reinforcement, Psychology;Photic Stimulation;Electromyography;Conditioning, Classical/*physiology;Fear/*physiology;Extinction, Psychological/*physiology;Association Learning/*physiology;Reflex, Startle/*physiology",no,no,no,no,CD,62,43,24,6.04,yes,group,NA,not reported,NA,NA,not reported,NA,yes,Greenhouse-Geisser,not reported,NA,not reported,NA,not reported,NA,no,NA,NA,NA,NA,NA,t,NA,NA,NA,NA,(CR - mean(CR)) / (sd(CR)) * 10 + 50,NA,NA,trial,mixed,2,ANOVA,rmANOVA,17,Mario
"Finlay, Carlos G. and Forsyth, John P.",2009,10.1016/j.janxdis.2009.02.014,Context and renewal of conditioned fear: An experimental evaluation using 20% carbon dioxide-enriched air as an unconditioned stimulus,Journal of Anxiety Disorders,https://search.ebscohost.com/login.aspx?direct=true&db=psyh&AN=2009-08175-002&site=ehost-live,"Female;Humans;Galvanic Skin Response;Male;Models, Psychological;Extinction, Psychological;Fear;Adult;Conditioning, Classical;Habituation, Psychophysiologic;Conditioned Fear;Unconditioned Stimulus;Exposure Therapy;conditioned fear;unconditioned stimulus;Contextual Associations;Carbon Dioxide;fear context;Physical Stimulation;Implosive Therapy;fear renewal;Administration, Inhalation;Aerosols;Air;carbon dioxide-enriched air;exposure-based treatment;Form Perception",no,no,no,no,CD,61,28,19.97,2.07,yes,group,NA,not reported,NA,NA,not reported,NA,yes,Greenhouse-Geisser,not reported,NA,not reported,NA,not reported,NA,no,NA,NA,NA,NA,NA,NA,raw,NA,NA,NA,NA,NA,NA,not reported,mixed,6,ANOVA,rmANOVA,17,Mario
"Grillon, Christian",2002,10.1016/S0006-3223(01)01370-1,Associative learning deficits increase symptoms of anxiety in humans,Biological Psychiatry,https://search.ebscohost.com/login.aspx?direct=true&db=psyh&AN=2002-01690-001&site=ehost-live,"Female;Humans;Male;Adolescent;Fear;Adult;Association Learning;Analysis of Variance;Awareness;Reflex, Startle;fear conditioning;anxiety;Blinking;Anxiety;Memory;Classical Conditioning;Conditioned Stimulus;psychophysiology;Associative Processes;Electroshock;Conditioning (Psychology);Generalization, Response;Learning Disorders;classical conditioning;associative learning deficits;context conditioning;Humanism;Humanities",no,no,no,no,LD,133,75,,NA,yes,both,startle baseline reactivity,not reported,NA,NA,not reported,NA,yes,Greenhouse-Geisser,not reported,NA,not reported,NA,not reported,NA,no,NA,NA,NA,NA,NA,raw,sqrt,NA,NA,NA,sqrt,NA,NA,not reported,mixed,4,ANOVA,rmANOVA,17,Mario
"Golkar, Armita and Öhman, Arne",2012,10.1016/j.biopsycho.2012.07.007,Fear extinction in humans: Effects of acquisition–extinction delay and masked stimulus presentations,Biological Psychology,https://search.ebscohost.com/login.aspx?direct=true&db=psyh&AN=2012-26787-017&site=ehost-live,"Female;Humans;Male;Extinction, Psychological;Fear;Adult;Conditioning, Classical;Photic Stimulation;Reflex, Startle;Conditioned Fear;Extinction (Learning);fear extinction;Conditioned Stimulus;conditioned stimuli;humans;Recognition (Psychology);Masking;Humanism;Humanities;Choice Behavior;acquisition extinction delay;masked stimulus presentations",no,no,no,no,CD,33,19,24.9,5.3,yes,group,NA,not reported,NA,NA,not reported,NA,yes,Greenhouse-Geisser,not reported,NA,not reported,NA,not reported,NA,no,NA,NA,NA,NA,NA,t,NA,NA,NA,NA,(CR - mean(CR)) / (sd(CR)) * 10 + 50,NA,NA,trial,mixed,3,ANOVA,rmANOVA,17,Mario
"Haddad, Anneke D. M. and Pritchett, David and Lissek, Shmuel and Lau, Jennifer Y. F.",2012,10.1007/s10862-012-9284-7,Trait anxiety and fear responses to safety cues: Stimulus generalization or sensitization?,Journal of Psychopathology and Behavioral Assessment,https://search.ebscohost.com/login.aspx?direct=true&db=psyh&AN=2012-23477-003&site=ehost-live,Fear;Cues;Anxiety;generalization;Stimulus Generalization;trait anxiety;Sensitization;fear responses;safety cues;sensitization,no,no,no,no,CD,50,24,30.7,13.6,no,group,NA,not reported,NA,NA,not reported,NA,yes,Greenhouse-Geisser,not reported,NA,not reported,NA,not reported,NA,no,NA,NA,NA,NA,NA,t,sqrt,NA,NA,NA,EMG: (CR - mean(CR)) / (sd(CR)) * 10 + 50; SCR: sqrt(SCR) / max(sqrt(SCR)),NA,NA,trial,mixed,3,ANOVA,rmANOVA,17,Mario
Haaker J and Lonsdorf TB and Thanellou A and Kalisch R,2013,10.1371/journal.pone.0076179,Multimodal assessment of long-term memory recall and reinstatement in a combined cue and context fear conditioning and extinction paradigm in humans.,PloS one,https://pubmed.ncbi.nlm.nih.gov/24116095/,"Humans;Adult;Cues;Middle Aged;Memory, Short-Term;Neuropsychological Tests;Conditioning, Classical/*physiology;Fear/*physiology;Galvanic Skin Response/physiology;Extinction, Psychological/*physiology;Humanism;Humanities;Arousal/physiology;Association Learning/*physiology;Reflex, Startle/physiology;Memory, Long-Term/*physiology",no,no,no,no,CD,99,70,26.1,4.974937186,yes,group,NA,not reported,NA,NA,not reported,NA,yes,Greenhouse-Geisser,not reported,NA,not reported,NA,not reported,NA,no,NA,NA,NA,NA,NA,t,log,NA,NA,NA,EMG: (CR - mean(CR)) / (sd(CR)) * 10 + 50; SCR: log(SCR) / max(log(SCR)),EMG: no; SCR: yes,"SCR: Venables PH, Christie MJ (1980) Electrodermal activity. Techniques in
psychophysiology. Chichester, UK: Wiley.",trial,within,3,ANOVA,rmANOVA,17,Mario
Fani N and King TZ and Brewster R and Srivastava A and Stevens JS and Glover EM and Norrholm SD and Bradley B and Ressler KJ and Jovanovic T,2015,10.1016/j.cortex.2014.11.006,Fear-potentiated startle during extinction is associated with white matter microstructure and functional connectivity.,Cortex; a journal devoted to the study of the nervous system and behavior,https://pubmed.ncbi.nlm.nih.gov/25522360/,"Female;Humans;Adult;Young Adult;Magnetic Resonance Imaging;Middle Aged;Fear/*physiology;Extinction, Psychological/*physiology;Conditioning, Classical/physiology;Reflex, Startle/*physiology;European Continental Ancestry Group;Black or African American;Diffusion Tensor Imaging;Brain/pathology/*physiopathology;Nerve Net/pathology/*physiopathology;Stress Disorders, Post-Traumatic/pathology/*physiopathology;White Matter/pathology/*physiopathology",no,no,no,no,CD,48,48,39.4,12.4,partially,both,correlation startle & fMRI,not reported,NA,NA,not reported,NA,not reported,NA,not reported,NA,not reported,NA,not reported,NA,no,NA,NA,NA,NA,NA,raw,NA,NA,NA,NA,NA,NA,NA,not reported,within,2,ANOVA,rmANOVA,17,Mario
Haaker J and Lonsdorf TB and Schümann D and Menz M and Brassen S and Bunzeck N and Gamer M and Kalisch R,2015,10.1016/j.biopsycho.2015.07.010,"Deficient inhibitory processing in trait anxiety: Evidence from context-dependent fear learning, extinction recall and renewal.",Biological psychology,https://pubmed.ncbi.nlm.nih.gov/26219601/,"Female;Humans;Male;Adolescent;Adult;Young Adult;Cues;Mental Recall;Anxiety;Fear/*physiology;Learning/*physiology;Extinction, Psychological/*physiology;Conditioning, Classical/physiology;Anxiety/*physiopathology/psychology;*Inhibition, Psychological",no,no,no,no,CD,377,261,24.6,3.300802933,no,group,NA,not reported,NA,NA,not reported,NA,yes,Greenhouse-Geisser,not reported,NA,not reported,NA,not reported,NA,no,NA,NA,NA,NA,NA,NA,log,NA,NA,NA,log(SCR + 1)/log(max(SCR+1)),NA,NA,trial,within,2,ANOVA,rmANOVA,17,Mario
Haesen K and Vervliet B,2015,10.1016/j.ijpsycho.2014.11.010,Beyond extinction: Habituation eliminates conditioned skin conductance across contexts.,International journal of psychophysiology : official journal of the International           Organization of Psychophysiology,https://pubmed.ncbi.nlm.nih.gov/25479541/,"Female;Humans;Male;Adolescent;Adult;Young Adult;Generalization, Psychological;Habituation, Psychophysiologic;Analysis of Variance;Skin;Conditioning, Classical/*physiology;Extinction, Psychological/*physiology;*Fear;Habituation, Psychophysiologic/*physiology;Galvanic Skin Response/*physiology/*radiation effects",no,no,no,no,CD,87,62,20.9,4.7,no,group,NA,not reported,NA,NA,not reported,NA,not reported,NA,not reported,NA,yes,linear & quadratic trends (for factor trial),not reported,NA,no,NA,NA,NA,NA,NA,NA,t,NA,NA,NA,(CR - mean(CR)) / (sd(CR)) * 10 + 50,NA,NA,trial,mixed,4,ANOVA,rmANOVA,17,Mario
Fricchione J and Greenberg MS and Spring J and Wood N and Mueller-Pfeiffer C and Milad MR and Pitman RK and Orr SP,2016,10.1111/psyp.12687,Delayed extinction fails to reduce skin conductance reactivity to fear-conditioned stimuli.,Psychophysiology,https://pubmed.ncbi.nlm.nih.gov/27314560/,"Female;Humans;Time Factors;Male;Adolescent;Adult;Young Adult;Skin;Conditioning, Classical/*physiology;Fear/*physiology;Extinction, Psychological/*physiology;Galvanic Skin Response/*physiology",no,no,no,no,CD,66,41,23.1,2.6,no,group,NA,not reported,NA,NA,not reported,NA,not reported,NA,not reported,NA,not reported,NA,not reported,NA,yes,subjects,SCR-diff < .1 µS,NA,NA,NA,NA,raw,NA,NA,NA,NA,NA,NA,not reported,within,16,ANOVA,rmANOVA,17,Mario
Haaker J and Molapour T and Olsson A,2016,10.1093/scan/nsw074,Conditioned social dominance threat: observation of others' social dominance biases threat learning.,Social cognitive and affective neuroscience,https://pubmed.ncbi.nlm.nih.gov/27217107/,"Female;Humans;Male;Adult;Young Adult;Magnetic Resonance Imaging;Photic Stimulation;Electroshock;Fear/physiology;Reflex, Startle/physiology;Conditioning, Psychological/*physiology;*Social Dominance;Social Learning/*physiology;Amygdala/diagnostic imaging/*physiology",no,no,no,no,CD,84,37,,NA,not reported,group,NA,not reported,NA,NA,not reported,NA,not reported,NA,not reported,NA,not reported,NA,not reported,NA,no,NA,NA,NA,NA,NA,t,log,NA,NA,NA,EMG: (CR - mean(CR)) / (sd(CR)) * 10 + 50; SCR: ln(SCR / log(max(SCR))),NA,NA,trial,within,EMG: 4 (social rank); SCR: 3 (stimulus),ANOVA,rmANOVA,17,Mario
Golkar A and Haaker J and Selbing I and Olsson A,2016,10.1093/scan/nsw068,Neural signals of vicarious extinction learning.,Social cognitive and affective neuroscience,https://pubmed.ncbi.nlm.nih.gov/27278792/,"Female;Humans;Male;Adult;Young Adult;Learning;Magnetic Resonance Imaging;Photic Stimulation;Facial Expression;Conditioning, Classical/*physiology;Electroshock;Extinction, Psychological/*physiology;Fear/physiology;Prefrontal Cortex/diagnostic imaging/*physiology;Social Learning/*physiology",no,no,no,no,CD,23,0,25,1.25,yes,both,Amygdala fMRI & SCR,not reported,NA,NA,not reported,NA,not reported,NA,not reported,NA,not reported,NA,not reported,NA,yes,trials,SCR < .02 µS,NA,NA,NA,NA,z,NA,NA,NA,(CR - mean(CR)) / (sd(CR),yes,Boucsein et al. (2012),trial,within,3,ANOVA,rmANOVA,17,Mario
Haesen K and Beckers T and Baeyens F and Vervliet B,2017,10.1016/j.brat.2016.12.001,One-trial overshadowing: Evidence for fast specific fear learning in humans.,Behaviour research and therapy,https://pubmed.ncbi.nlm.nih.gov/27960093/,"Female;Humans;Time Factors;Male;Young Adult;Electric Stimulation;Conditioning, Classical/*physiology;Fear/*physiology;Galvanic Skin Response/physiology;Learning/*physiology;Humanism;Humanities;Reflex, Startle/physiology;Anxiety/psychology",no,no,no,no,CD,65,45,1363.5,3.85264844,not reported,group,NA,not reported,NA,NA,not reported,NA,not reported,NA,not reported,NA,not reported,NA,not reported,NA,no,NA,NA,NA,NA,NA,z,rc,NA,NA,NA,EMG: (CR - mean(CR)) / (sd(CR); SCR: SCR / max(SCR),NA,NA,trial,within,3,ANOVA,rmANOVA,17,Mario
Golkar A and Tjaden C and Kindt M,2017,10.1016/j.brat.2017.02.004,Vicarious extinction learning during reconsolidation neutralizes fear memory.,Behaviour research and therapy,https://pubmed.ncbi.nlm.nih.gov/28286265/,"Female;Humans;Male;Young Adult;Reflex, Startle;Fear/*psychology;*Extinction, Psychological;*Conditioning, Classical;*Memory;*Mental Recall;*Learning",no,no,no,no,CD,46,14,20.6,1.4,yes,group,NA,not reported,NA,NA,not reported,NA,yes,Greenhouse-Geisser,not reported,NA,not reported,NA,not reported,NA,no,NA,NA,NA,NA,NA,t,NA,NA,NA,NA,(CR - mean(CR)) / (sd(CR)) * 10 + 50,NA,NA,trial,within,3,ANOVA,rmANOVA,17,Mario
Haaker J and Yi J and Petrovic P and Olsson A,2017,10.1038/ncomms15495,Endogenous opioids regulate social threat learning in humans.,Nature communications,https://pubmed.ncbi.nlm.nih.gov/28541285/,"Humans;Male;Adult;Magnetic Resonance Imaging;Functional Neuroimaging;Double-Blind Method;Humanism;Humanities;Fear/drug effects/*physiology;Conditioning, Psychological/drug effects/physiology;Amygdala/drug effects/physiology;Midline Thalamic Nuclei/drug effects/physiology;Naltrexone/administration & dosage;Narcotic Antagonists/administration & dosage;Opioid Peptides/antagonists & inhibitors/*physiology;Periaqueductal Gray/drug effects/*physiology;Receptors, Opioid/physiology;Social Learning/drug effects/*physiology",no,no,no,no,CD,43,0,,NA,yes,group,NA,not reported,NA,NA,not reported,NA,not reported,NA,not reported,NA,yes,linear & quadratic trends (for factor block),not reported,NA,no,NA,NA,NA,NA,NA,NA,log,NA,NA,NA,log(CR/max(CR)+1),NA,NA,trial,mixed,2,ANOVA,rmANOVA,17,Mario
Graham BM and Zagic D and Richardson R,2017,10.1016/j.biopsych.2017.03.020,Low Endogenous Fibroblast Growth Factor 2 Levels Are Associated With Heightened Conditioned Fear Expression in Rats and Humans.,Biological psychiatry,https://pubmed.ncbi.nlm.nih.gov/28460841/,"Female;Humans;Individuality;Male;Psychiatric Status Rating Scales;Statistics as Topic;Animals;Analysis of Variance;Rats;Rats, Sprague-Dawley;Conditioning, Classical/*physiology;Fear/*physiology;Galvanic Skin Response/physiology;Species Specificity;Humanism;Humanities;Mental Recall/physiology;Saliva/*metabolism;Anxiety/physiopathology;Fibroblast Growth Factor 2/*blood;Fibroblast Growth Factors;Fibroblasts",no,no,no,no,CD,88,53,22.71,0.7632168761,partially,both,SCR and salivary FGF2,not reported,NA,NA,not reported,NA,not reported,NA,not reported,NA,not reported,NA,not reported,NA,no,NA,NA,NA,NA,NA,NA,sq,NA,NA,NA,sqrt(CR),NA,NA,not reported,mixed,2,ANOVA,rmANOVA,17,Mario
Feng P and Becker B and Zheng Y and Feng T,2018,10.1093/scan/nsx148,Sleep deprivation affects fear memory consolidation: bi-stable amygdala connectivity with insula and ventromedial prefrontal cortex.,Social cognitive and affective neuroscience,https://pubmed.ncbi.nlm.nih.gov/29272546/,"Female;Humans;Galvanic Skin Response;Male;Extinction, Psychological;Amygdala;Young Adult;Brain Mapping;Magnetic Resonance Imaging;Arousal;Memory;Sleep;Prefrontal Cortex;Sleep Deprivation;Fear/*psychology;Nerve Net/physiopathology;Memory Consolidation/*physiology;Amygdala/diagnostic imaging/*physiopathology;Prefrontal Cortex/diagnostic imaging/*physiopathology;Cerebral Cortex/diagnostic imaging/*physiopathology;Sleep Deprivation/diagnostic imaging/*psychology",no,no,no,no,CD,70,27,21.41,1.79,yes,group,,dependent variable,Square-root transformation,not reported,not reported,,not reported,,not reported,,not reported,,not reported,,yes,subjects, excessive head motion (maximum translation > 2 mm or rotation > 2°),NA,NA,NA,NA,NA,NA,NA,NA,Square-root transformation,yes,Normalize SCR distribution,mixed,mixed,2 (CS+ vs. CS−)," t-test, ANOVA, mixed model, mediation analysis",other,14,Yu-Fang
Feng P and Becker B and Feng T and Zheng Y,2018,10.1016/j.neuroimage.2018.01.057,Alter spontaneous activity in amygdala and vmPFC during fear consolidation following 24 h sleep deprivation.,NeuroImage,https://pubmed.ncbi.nlm.nih.gov/29378319/,Female;Humans;Male;Adult;Amygdala;Young Adult;Fear/*physiology;Sleep Deprivation;Amygdala/*physiopathology;Prefrontal Cortex/*physiopathology;Magnetic Resonance Imaging/methods;Brain Mapping/methods;Sleep Deprivation/*physiopathology;Memory Consolidation/*physiology,no,no,no,no,CD,70,27,21.41,1.79,yes,individual,"SCR, fear ratings, zALFF, zReHo",not reported,,not reported,not reported,,not reported,,not reported,,not reported,,not reported,,yes,subjects,not reported,NA,NA,NA,NA,sqrt,NA,NA,NA,Squaring transformation,not reported,,mixed,mixed,2,ANOVA,ANOVA_univariat,14,Yu-Fang
Goodman AM and Harnett NG and Wheelock MD and Hurst DR and Orem TR and Gossett EW and Dunaway CA and Mrug S and Knight DC,2018,10.1016/j.neuroimage.2018.03.030,Anticipatory prefrontal cortex activity underlies stress-induced changes in Pavlovian fear conditioning.,NeuroImage,https://pubmed.ncbi.nlm.nih.gov/29555429/,"Female;Humans;Galvanic Skin Response;Male;Adolescent;Adult;Young Adult;Brain Mapping;Magnetic Resonance Imaging;Conditioning, Classical;Prefrontal Cortex;Fear/*physiology;Amygdala/physiology;*Stress, Psychological;Prefrontal Cortex/*physiology;Neural Pathways/physiology;Anticipation, Psychological/*physiology",no,no,no,no,CD,120,67,20.15,NA,yes,group,,mixed,Square-root transformation,not reported,not reported,,not reported,,not reported,,not reported,,not reported,,yes,subjects,0.05 μS threshold,not reported,NA,NA,NA,sqrt,NA,NA,NA,Squaring transformation,yes,not reported,,mixed,2 (CS+ vs. CS−),"Mixed model ANOVA, Regression",,14,Yu-Fang
Gruss LF and Keil A,2019,10.1016/j.biopsycho.2018.11.009,"Sympathetic responding to unconditioned stimuli predicts subsequent threat expectancy, orienting, and visuocortical bias in human aversive Pavlovian conditioning.",Biological psychology,https://pubmed.ncbi.nlm.nih.gov/30476520/,"Female;Humans;Galvanic Skin Response;Male;Extinction, Psychological;Adult;Young Adult;Cues;Multivariate Analysis;Electroencephalography;Affect;Regression Analysis;Evoked Potentials, Visual;Humanism;Humanities;Bias (Epidemiology);*Conditioning, Classical;Heart Rate/physiology;*Defense Mechanisms;Attentional Bias/*physiology",no,no,no,no,CD,49,17,19.3,1.2,yes,both,"SCR, HR acceleration",dependent variable, Log-transformation,after,not reported,,not reported,,not reported,,not reported,,not reported,,yes,subjects,Startle response below threshold (+/-3SD) & EEG data quality issues or participant non-response.,not reported,NA,NA,log,not reported,NA,NA,NA,Log-transformation,yes,Normalization,mixed,mixed,2 (CS+ vs. CS−),Multiple regression,computational_mod,14,Yu-Fang
Fucci E and Abdoun O and Lutz A,2019,10.1016/j.clinph.2019.04.010,Auditory perceptual learning is not affected by anticipatory anxiety in the healthy population except for highly anxious individuals: EEG evidence.,Clinical neurophysiology : official journal of the International Federation of           Clinical Neurophysiology,https://pubmed.ncbi.nlm.nih.gov/31085447/,"Female;Humans;Male;Middle Aged;Electroencephalography;Anxiety;Self Report;Galvanic Skin Response/physiology;Regression Analysis;Learning/*physiology;Anxiety/*physiopathology/psychology;Event-Related Potentials, P300/physiology;*Electroencephalography;Electric Stimulation/methods;Auditory Perception/*physiology;Evoked Potentials, Auditory/*physiology",no,no,no,no,CD,36,17,52,7.6,yes,both,"Multiple (self-reported anxiety, trait anxiety, SCRs, MMN, N1)",residuals,Visual inspection,after,yes,Visual inspection,not reported,,not reported,,not reported,,not reported,,yes,subjects,insufficient epochs.,not reported,not reported,NA,NA,log,not reported,NA,NA,"Log (SCR), Squaring (stress ratings)",yes,Normalization,mixed,mixed,2,ANOVA,multiple,14,Yu-Fang
Gerlicher AMV and Tüscher O and Kalisch R,2019,10.1007/s00213-019-05301-4,L-DOPA improves extinction memory retrieval after successful fear extinction.,Psychopharmacology,https://pubmed.ncbi.nlm.nih.gov/31243481/,"Humans;Male;Adult;Young Adult;Memory;Double-Blind Method;Photic Stimulation/methods;Conditioning, Classical/*drug effects/physiology;Extinction, Psychological/*drug effects/physiology;Levodopa;Fear/*drug effects/physiology/*psychology;Dopamine Agents/pharmacology;Levodopa/*pharmacology;Memory Consolidation/*drug effects/physiology",yes,no,no,no,CD,111,0,27.5,2.5,yes,group,,dependent variable,Log-transformation and range correction,after,not reported,,not reported,,not reported,,not reported,,not reported,,yes,both,"Responses smaller than 0.02 μS were scored as zero and remained in the analysis. If more than 75% of trials had to be scored as zero, data of that subject/day was considered invalid.",not reported,not reported,NA,NA,log,not reported,NA,NA,Log transformation and range correction formula,yes,Normalization,mixed,mixed,2 (CS+ vs. CS-),rmANOVA,ANOVA_univariat,14,Yu-Fang
Ferreira de Sá DS and Römer S and Brückner AH and Issler T and Hauck A and Michael T,2020,10.1038/s41386-019-0593-3,"Effects of intranasal insulin as an enhancer of fear extinction: a randomized, double-blind, placebo-controlled experimental study.",Neuropsychopharmacology : official publication of the American College of           Neuropsychopharmacology,https://pubmed.ncbi.nlm.nih.gov/31896118/,"Female;Humans;Galvanic Skin Response;Male;Adolescent;Adult;Young Adult;Conditioning, Classical;Reflex, Startle;Double-Blind Method;Administration, Intranasal;Fear/*drug effects;Extinction, Psychological/*drug effects;Insulin/*administration & dosage",no,no,no,no,LD,131,63,23,not report,yes,group,,dependent variable,T-transformation,after,not reported,,yes,Adjusted degrees of freedom,not reported,,not reported,,not reported,,yes,subjects,Z > 3,not reported,not reported,NA,NA,t,not reported,NA,NA,T-transformation,yes,Normalization,mixed,mixed,2 (CS+ vs. CS-),rmANOVA,ANOVA_univariat,14,Yu-Fang
Green LJS and Luck CC and Lipp OV,2020,10.1111/psyp.13563,How disappointing: Startle modulation reveals conditional stimuli presented after pleasant unconditional stimuli acquire negative valence.,Psychophysiology,https://pubmed.ncbi.nlm.nih.gov/32167177/,"Female;Humans;Male;Adult;Young Adult;Conditioning, Classical/*physiology;Association Learning/*physiology;Reflex, Startle/*physiology;Affect/*physiology;*Self Report;Pleasure/*physiology",no,no,no,no,CD,55,30,24.3,3.2,yes,both,"Sex, Startle Response",mixed,Specific test and visually,both,yes,,yes,,yes,,yes,,yes,,yes,subjects,±3SD,log,z,raw,log,sqrt,not reported,raw,z,"Log, sqrt",yes,Guideline,within,within,3," rmANOVA, t-test",multiple,14,Yu-Fang
Hagedorn B and Wolf OT and Merz CJ,2021,10.1093/ijnp/pyaa085,Stimulus-Based Extinction Generalization: Neural Correlates and Modulation by Cortisol.,The international journal of neuropsychopharmacology,https://pubmed.ncbi.nlm.nih.gov/33196833/,"Female;Humans;Male;Hydrocortisone;Adolescent;Adult;Young Adult;Magnetic Resonance Imaging;Nerve Net;Mental Recall/drug effects/physiology;Extinction, Psychological/drug effects/*physiology;Fear/drug effects/physiology;Conditioning, Classical/drug effects/*physiology;Prefrontal Cortex/diagnostic imaging/*physiology;Amygdala/diagnostic imaging/*physiology;Hydrocortisone/administration & dosage/*pharmacology;Generalization, Psychological/drug effects/*physiology;Glucocorticoids/administration & dosage/*pharmacology;Insular Cortex/diagnostic imaging/*physiology",no,no,no,no,LD,60,30,24.5,2.7,yes,group,NA,mixed,Specific test,before,not reported,,yes,Adjusted degrees of freedom,not reported,,not reported,,not reported,,yes,subjects,Poor signal quality,not reported,NA,NA,NA,log,not reported,NA,NA,Sphericity correction,yes,Statistical correction,mixed,mixed,3,rmANOVA,ANOVA_univariat,14,Yu-Fang
Garfinkel SN and Gould van Praag CD and Engels M and Watson D and Silva M and Evans SL and Duka T and Critchley HD,2021,10.1037/xge0000967,Interoceptive cardiac signals selectively enhance fear memories.,Journal of experimental psychology. General,https://pubmed.ncbi.nlm.nih.gov/33180532/,"Humans;Fear;Conditioning, Classical;Arousal;Memory;*Galvanic Skin Response;*Extinction, Psychological",no,no,no,no,CD,38,20,23.4,4.8,yes,both,"trait anxiety, interoceptive accuracy, shock expectancy, SCRs",dependent variable,Shapiro-Wilk test,both,not reported,,not reported,,not reported,,not reported,,not reported,,yes,subjects, Q3 + 3 IQR,not reported,not reported,NA,NA,not reported,not reported,NA,NA,Square root transformation,yes,Reference,within,within,2,rmANOVA,ANOVA_multivariat,14,Yu-Fang
Exner A and Tapia León I and Mueller EM and Klucken T,2021,10.1111/psyp.13912,Cardiac response in aversive and appetitive olfactory conditioning: Evidence for a valence-independent CS-elicited bradycardia.,Psychophysiology,https://pubmed.ncbi.nlm.nih.gov/34388264/,"Female;Humans;Male;Adult;Young Adult;Bradycardia;Appetite;Conditioning, Classical/*physiology;Heart Rate/*physiology;Galvanic Skin Response/*physiology;Autonomic Nervous System/*physiology;Motivation/*physiology;Olfactory Perception/*physiology;Bradycardia/*physiopathology",no,no,no,no,CD,95,61,23.8,5.24,yes,both,Bivariate correlations were calculated between aversive and appetitive CRs.,not reported,,not reported,not reported,,not reported,,not reported,,not reported,,not reported,,yes,subjects, technical failure during data acquisition,not reported,not reported,not reported,NA,sqrt,not reported,NA,NA,Square root transformation,yes,Not reported,within,within,2,rmANOVA,ANOVA_multivariat,14,Yu-Fang
González-Rodríguez A and García-Pérez Á and Godoy-Giménez M and Carmona I and Estévez ÁF and Sayans-Jiménez P and Cañadas F,2021,10.1038/s41598-021-02336-6,Schizotypal personality traits and the social learning of fear.,Scientific reports,https://pubmed.ncbi.nlm.nih.gov/34845255/,"Female;Humans;Galvanic Skin Response;Male;Predictive Value of Tests;Surveys and Questionnaires;Cognition;Adolescent;Adult;Young Adult;Learning;Neurosciences;Color;Fear/*psychology;Students;Extinction, Psychological/*physiology;Software;*Conditioning, Classical;*Social Learning;Schizotypal Personality Disorder/*physiopathology",no,no,no,no,CD,85,38,22,3.2,yes,individual,"multiple (Cognitive-Perceptual factor, Interpersonal factor, Disorganized factor, total SPQ score)",dependent variable,bootstrapping,before,not reported,,not reported,,not reported,,yes,Theil–Sen estimator,not reported,,yes,subjects,they firmly did not believe either that the model was receiving an electric shock during the learning phase or that they were going to receive an electric shock during the test phase.,NA,NA,NA,NA,raw,raw,NA,NA,range correction formula,yes,Guideline,within,within,2,ANOVA_univariate,other,14,Yu-Fang
Greening SG and Lee TH and Burleigh L and Grégoire L and Robinson T and Jiang X and Mather M and Kaplan J,2022,10.1038/s41598-022-05019-y,Mental imagery can generate and regulate acquired differential fear conditioned reactivity.,Scientific reports,https://pubmed.ncbi.nlm.nih.gov/35046506/,"Female;Humans;Galvanic Skin Response;Male;Adult;Electric Stimulation;Fear/*psychology;*Conditioning, Classical;Imagery (Psychotherapy);Magnetic Resonance Imaging/methods;*Imagination",yes,yes,yes,no,CD,13,6,24,4.87,yes,individual,"multiple (self-reported fear, SCR, brain activity in aIn, V2, V3, amygdala, MVCC classification accuracy)",not reported,,not reported,not reported,,not reported,,not reported,,not reported,,not reported,,yes,subjects,m all SCR analyses.,NA,NA,NA,NA,raw,raw,NA,NA,not reported,no,Not reported,within,within,"2(CS-Type: CS+, CS−) ","multiple (ANOVA_univariate, MVCC, t-tests, PPI analysis)",linear regression,14,Yu-Fang
Hagedorn B and Wolf OT and Merz CJ,2022,10.1016/j.psyneuen.2021.105607,Cortisol before extinction generalization alters its neural correlates during retrieval.,Psychoneuroendocrinology,https://pubmed.ncbi.nlm.nih.gov/34864329/,"Female;Humans;Galvanic Skin Response;Male;Hydrocortisone;Magnetic Resonance Imaging;Fear/physiology;Conditioning, Classical/physiology;*Extinction, Psychological/physiology;*Hydrocortisone/physiology",no,no,no,yes,CD,50,44,24.24,3.67,yes,individual,"(US-expectancy ratings, valence ratings, FPS, SCR, salivary cortisol levels)",dependent variable,statistical tests (not specified which ones),not reported,yes,"Assumptions for statistical analysis (e.g., normal distribution, estimate of variance) have been verified and, if necessary, corrections or alternative procedures were applied",yes,Greenhouse-Geisser corrected p-values are reported if the assumption of sphericity was violated,not reported,,not reported,,not reported,,yes,subjects,Z > 3,NA,NA,NA,z,log,log,NA,NA,"log transformation (SCR), z-standardization (FPS, SCR)",yes,Guideline,mixed,within,3,ANOVA_univariate,rmANOVA,14,Yu-Fang
Gold AK and Kredlow MA and Orr SP and Hartley CA and Otto MW,2022,10.1016/j.physbeh.2022.113802,Skin conductance levels and responses in Asian and White participants during fear conditioning(✰).,Physiology & behavior,https://pubmed.ncbi.nlm.nih.gov/35398091/,"Humans;Anxiety Disorders;Skin;*Galvanic Skin Response;Extinction, Psychological/physiology;Fear/physiology;Reflex, Startle/physiology;European Continental Ancestry Group;*Conditioning, Classical/physiology",yes,no,no,no,CD,315,120,21,4.3,yes,individual,"(SCR, SCL, differential SCR, non-responder status, anxiety status, medication use",dependent variable,Mann-Whitney U test,before,not reported,,not reported,,not reported,,not reported,,not reported,,yes,subjects,.5 times the interquartile range,NA,NA,NA,NA,sqrt,not reported,NA,NA,sqrt transformation for SCR,yes,Not reported,within,within,2,"multiple (t-test, ANCOVA, chi-squared, logistic regression)",other,14,Yu-Fang
Gerlicher AMV and Metselaar VN and Kindt M,2022,10.1111/psyp.14079,In search of the behavioral effects of fear: A paradigm to assess conditioned suppression in humans.,Psychophysiology,https://pubmed.ncbi.nlm.nih.gov/35428989/,"Humans;Animals;Anxiety;Humanism;Humanities;Conditioning, Operant/physiology;Reflex, Startle/physiology;*Fear/physiology;*Conditioning, Classical/physiology",yes,no,no,no,CD,60,37,21.07,2.59,yes,individual,"SCR, FPS, number of correct responses, anxiety sensitivity, trait anxiety",not reported,,not reported,not reported,,yes,,not reported,,not reported,,not reported,,yes,subjects,"Eight participants needed to be excluded (N = 1 quit the experiment due to the aversiveness of the startle-probe, N = 2 had participated in another fear conditioning study the same week, N = 5 did not learn the correct order of button presses in the instrumental phase)",not reported,NA,NA,z,z,not reported,NA,NA, z-transformation,yes,Not reported,within,within,2,rmANOVA,other,14,Yu-Fang
Feng P and Becker B and Zhou F and Feng T and Chen Z,2023,10.1093/cercor/bhac233,Sleep deprivation altered encoding of basolateral amygdala on fear acquisition.,"Cerebral cortex (New York, N.Y. : 1991)",https://pubmed.ncbi.nlm.nih.gov/35699604/,Emotions;Humans;Amygdala;Sleep;Sleep Deprivation;Fear/physiology;*Basolateral Nuclear Complex/physiology;Amygdala/diagnostic imaging;Sleep Deprivation/diagnostic imaging,no,no,no,no,CD,70,37,21.41,1.59,yes,individual,"SCR, fear ratings, functional connectivity changes",not reported,,not reported,not reported,,yes,Two-way mixed ANOVA models including group (SD group vs control group) and the within-subject factor acquisition time (before vs after fear acquisition).,not reported,,not reported,,not reported,,yes,subjects,>3SD,NA,NA,NA,NA,sqrt,not reported,NA,NA,sqrt transformation,yes,Not reported,within,within,2,rmANOVA,ttest,14,Yu-Fang
Finke JB and Stalder T and Klucken T,2023,10.1111/psyp.14288,Pupil dilation tracks divergent learning processes in aware versus unaware Pavlovian conditioning.,Psychophysiology,https://pubmed.ncbi.nlm.nih.gov/36906907/,"Attention;Humans;Galvanic Skin Response;Learning;Pupil;Conditioning, Classical/physiology;*Awareness/physiology;*Pupil",yes,yes,no,no,CD,86,71,22.45,3.68,yes,individual,"CS type, awareness status, pupil dilation, SCR",not reported,,not reported,not reported,,not reported,,not reported,,not reported,,not reported,,yes,subjects,> 3.5SD,not reported,not reported,not reported,not reported,sqrt,not reported,not reported,raw,"sqrt (for SCR), baseline correction (for pupil size)",yes,Not reported,within,mixed,"3 (CS+avs, CS+app, CS−)","Multiple (Linear regression, mixed-effects models)",linear regression,14,Yu-Fang
Fitzgerald JM and Webb EK and Sangha S,2023,10.1111/psyp.14327,Psychological and physiological correlates of stimulus discrimination in adults.,Psychophysiology,https://pubmed.ncbi.nlm.nih.gov/37170664/,Humans;Adult;Discrimination (Psychology);Arousal/physiology;Fear/physiology;*Cues;*Learning,no,no,no,no,CD,74,54,19.16,1.28,partially,individual,"SCR amplitude, cue type, trial number, anxiety levels, likeability ratings",not reported,,NA,not reported,,not reported,,not reported,,not reported,,not reported,,yes,subjects,,NA,NA,NA,NA,z,not reported,NA,NA,z-transformation ,yes,Guideline,within,mixed,5,"Multiple (Mixed-effects model, ANCOVA, t-test)",multiple,14,Yu-Fang
Wong AHK and Franzen M and Wieser MJ,2024,10.1016/j.janxdis.2024.102847,Unconditioned stimulus devaluation decreases the generalization of costly safety behaviors.,Journal of anxiety disorders,https://pubmed.ncbi.nlm.nih.gov/38422593/,"*Anxiety;*Fear/physiology;Anxiety Disorders;Conditioning, Classical/physiology;Generalization, Psychological/physiology;Humans",yes,no,no,yes,CD,80,56,21.2,2.8,yes,individual,"SCR, US expectancy ratings, safety behaviors, trait anxiety, intolerance of uncertainty",not reported,,NA,not reported,,not reported,,not reported,,not reported,,not reported,,yes,subjects,Not reported,NA,NA,NA,NA,sqrt,not reported,NA,NA, sqrt ,yes,Guideline,within,mixed,3,"inear mixed models, Bayesian analysis",multiple,14,Yu-Fang
Morr M and Noell J and Sassin D and Daniels J and Philipsen A and Becker B and Stoffel-Wagner B and Hurlemann R and Scheele D,2022,10.1002/advs.202105336,Lonely in the Dark: Trauma Memory and Sex-Specific Dysregulation of Amygdala Reactivity to Fear Signals.,"Advanced science (Weinheim, Baden-Wurttemberg, Germany)",https://pubmed.ncbi.nlm.nih.gov/35343102/,"Female;Humans;Male;Amygdala;Magnetic Resonance Imaging;Memory;Amygdala/physiology;Fear/physiology/psychology;*Conditioning, Classical/physiology;*Loneliness",yes,no,no,no,CD,97,38,26.39,5.83,yes,individual,"intrusive thoughts, trauma disclosure, intrusion stress, amygdala reactivity, fear conditioning/extinction",not reported,,not reported,not reported,,not reported,,not reported,,not reported,,not reported,,no,NA,,not reported,not reported,not reported,NA,not reported,raw,raw,raw,Not reported,no,Not reported,mixed,mixed,Not explicitly reported,"ANOVA, t-tests, linear mixed models",multiple,14,Yu-Fang
Ney LJ and Luck CC and Waters AM and Lipp OV,2022,10.1111/psyp.14068,Conditional stimulus choices affect fear learning: Comparing fear conditioning with neutral faces and shapes or angry faces.,Psychophysiology,https://pubmed.ncbi.nlm.nih.gov/35477888/,"Humans;Galvanic Skin Response;Anger;Extinction, Psychological/physiology;*Conditioning, Classical;*Facial Expression;*Fear/physiology;*Attention/physiology",yes,no,no,no,CD,594,407,22.68,6.26,unclear,individual,"SCR, CS pleasantness, electrodermal responses, fear extinction rates",not reported,,not reported,not reported,,not reported,,not reported,,not reported,,not reported,,no,NA,,not reported,not reported,not reported,not reported,sqrt,not reported,not reported,not reported,sqrt transformation,yes,Not reported,within,within,2,rmANOVA,ttest,14,Yu-Fang
Neudert MK and Schäfer A and Zehtner RI and Fricke S and Seinsche RJ and Kruse O and Stark R and Hermann A,2023,10.1038/s41598-023-31504-z,Behavioral pattern separation is associated with neural and electrodermal correlates of context-dependent fear conditioning.,Scientific reports,https://pubmed.ncbi.nlm.nih.gov/37019951/,"Female;Humans;Brain;*Galvanic Skin Response;Fear/physiology;Mental Recall/physiology;Magnetic Resonance Imaging/methods;*Extinction, Psychological/physiology",no,no,no,no,CD,94,72,23,2.51,yes,individual,"SCR, fMRI activation in dACC, insula, hippocampus, vmPFC",not reported,,not reported,not reported,,not reported,,not reported,,not reported,,not reported,,yes,subjects,Not reported,not reported,not reported,not reported,not reported,raw,not reported,not reported,not reported,,no,Not reported,within,within,2,rmANOVA,other,14,Yu-Fang
Modecki KL and Ryan KM and Waters AM,2023,10.1017/S0033291722002379,Fear learning and extinction predicts anxiety in daily life: a study of Pavlovian conditioning and ecological momentary assessment.,Psychological medicine,https://pubmed.ncbi.nlm.nih.gov/36093766/,"Humans;Galvanic Skin Response;Young Adult;Anxiety;Fear/physiology;Conditioning, Classical/physiology;Anxiety/psychology;*Extinction, Psychological/physiology;*Ecological Momentary Assessment",yes,no,no,no,CD,62,36,19.11,2.77,not reported,individual,"SCR, EMA-reported anxiety, stressor events, trait anxiety, momentary stress",not reported,,not reported,not reported,,not reported,,not reported,,not reported,,not reported,,yes,subjects,Not reported,NA,NA,NA,NA,raw,NA,NA,NA, not reported,no,Not reported,within,within,2,,,14,Yu-Fang
Ney LJ and Nichols DS and Lipp OV,2023,10.1111/psyp.14297,Fear conditioning depends on the nature of the unconditional stimulus and may be related to hair levels of endocannabinoids.,Psychophysiology,https://pubmed.ncbi.nlm.nih.gov/36959707/,"Female;Humans;Galvanic Skin Response;Fear/physiology;Conditioning, Classical/physiology;Hair;*Extinction, Psychological/physiology;*Endocannabinoids",no,no,no,no,CD,110,81,0,0,no,individual,"SCR, subjective anxiety ratings, hair endocannabinoid levels, CS pleasantness and arousal ratings",not reported,,not reported,not reported,,yes,Mauchly's test,not reported,,not reported,,not reported,,yes,subjects,Not reported,NA,NA,NA,NA,sqrt,NA,NA,NA,sqrt transformation,yes,Not reported,within,within,2,"hierarchical linear models (HLM), regression analyses",multiple,14,Yu-Fang
Koenig S and Uengoer M and Lachnit H,2018,10.1111/psyp.13020,Pupil dilation indicates the coding of past prediction errors: Evidence for attentional learning theory.,Psychophysiology,https://pubmed.ncbi.nlm.nih.gov/29023832/,"Female;Humans;Male;Adult;Young Adult;Reward;Psychological Theory;Conditioning, Classical/*physiology;Pupil;Attention/*physiology;Fear/physiology;Association Learning/*physiology;Pupil/*physiology",yes,yes,no,no,CD,67,52,22.6,4.67,yes,individual,"SCR, pupil dilation, self-reported valence, arousal ratings, awareness",not reported,,not reported,not reported,,not reported,,not reported,,not reported,,not reported,,yes,subjects,Not reported,NA,NA,NA,NA,sqrt,not reported,raw,NA,"sqrt transformation (SCR), baseline correction (pupil dilation)",yes,Not reported,within,within,2,rmANOVA,rmANOVA,14,Yu-Fang
Kruse O and Tapia León I and Stalder T and Stark R and Klucken T,2018,10.1016/j.neuroimage.2017.12.076,Altered reward learning and hippocampal connectivity following psychosocial stress.,NeuroImage,https://pubmed.ncbi.nlm.nih.gov/29288866/,"Female;Humans;Male;Adult;Young Adult;Learning;Magnetic Resonance Imaging;Reward;Learning/*physiology;Stress, Psychological/*physiopathology;Conditioning, Classical/physiology;*Reward;Hippocampus/*physiopathology;Neural Pathways/*physiopathology",no,no,no,no,CD,60,0,23.77,3.03,yes,individual,"SCR, reaction times, subjective ratings, fMRI BOLD responses",not reported,,not reported,not reported,,not reported,,not reported,,not reported,,not reported,,yes,subjects,Not reported,NA,NA,NA,NA,log,NA,NA,NA,log transformation ,yes,Guideline,within,within,2,rmANOVA,rmANOVA,14,Yu-Fang
Kredlow MA and Orr SP and Otto MW,2018,10.1016/j.brat.2018.06.010,Exploring the boundaries of post-retrieval extinction in healthy and anxious individuals.,Behaviour research and therapy,https://pubmed.ncbi.nlm.nih.gov/29981938/,"Female;Humans;Male;Adolescent;Adult;Young Adult;Aged;Middle Aged;Conditioning, Classical/*physiology;Fear/*physiology;Galvanic Skin Response/physiology;Case-Control Studies;Extinction, Psychological/*physiology;Anxiety/*psychology",yes,no,yes,no,LD,315,0,23.7,9.6,yes,individual,"PSWQ, STAI-T, gender, SCR, UCS expectancy",dependent variable,All SCR scores for CS trials were square-root transformed,after,not reported,,not reported,,not reported,,not reported,,not reported,,yes,subjects,±2SD,not reported,not reported,not reported,not reported,sqrt,not reported,not reported,not reported,sqrt transformation,yes,Guideline,within,mixed,2,rmANOVA,rmANOVA,14,Yu-Fang
MacNamara A and Barley B,2018,10.1111/psyp.13206,Event-related potentials to threat of predictable and unpredictable shock.,Psychophysiology,https://pubmed.ncbi.nlm.nih.gov/30112760/,"Female;Humans;Male;Young Adult;Conditioning, Classical;Reflex, Startle;Electroencephalography;Evoked Potentials;Fear/*physiology;Electroshock;Conditioning, Eyelid;*Cues;Brain/*physiology;Event-Related Potentials, P300;*Evoked Potentials",yes,no,no,no,CD,78,46,19.68,1.4,yes,individual,"P2, P3, LPP, SPN, startle magnitude, probe-elicited N1, probe-elicited P3",not reported,,not reported,not reported,,yes,Greenhouse-Geisser corrections,not reported,,not reported,,not reported,,yes,subjects,mess data/insufficient trials (<50%),not reported,not reported,raw,raw,not reported,not reported,not reported,not reported,,no,Not reported,within,mixed,3,rmANOVA,ANOVA_univariat,14,Yu-Fang
Lucas K and Luck CC and Lipp OV,2018,10.1016/j.brat.2018.08.002,Novelty-facilitated extinction and the reinstatement of conditional human fear.,Behaviour research and therapy,https://pubmed.ncbi.nlm.nih.gov/30120999/,"Female;Humans;Male;Adolescent;Adult;Young Adult;Middle Aged;Uncertainty;Conditioning, Classical/*physiology;Fear/*physiology;Galvanic Skin Response/physiology;Extinction, Psychological/*physiology;Humanism;Humanities;Exploratory Behavior/*physiology",no,no,no,no,CD,48,29,26.6,10.53,not reported,individual,"CR, stimulus valence, intolerance of uncertaint",not reported,,,not reported,,yes,"Pillai's Trace F values and partial n2 are reported (Vasey & Thayer, 1987) adopting a significance level of 0.05.",not reported,,not reported,,not reported,,yes,subjects,,not reported,not reported,not reported,not reported,sqrt,not reported,not reported,not reported,"sqrt, range correction",yes,Guideline,within,within,3,ANOVA,ANOVA_univariat,14,Yu-Fang
Lee JC and Hayes BK and Lovibond PF,2018,10.1037/xlm0000558,Peak shift and rules in human generalization.,"Journal of experimental psychology. Learning, memory, and cognition",https://pubmed.ncbi.nlm.nih.gov/29553769/,"Female;Humans;Galvanic Skin Response;Individuality;Male;Adult;Conditioning, Psychological;Association Learning;Discrimination, Psychological;Electroshock;Judgment;Humanism;Humanities;*Generalization, Psychological;Fear/physiology/psychology",no,no,no,no,CD,181,111,19.78,2.95,not reported,individual,"expectancy ratings, peak shift, rule-based generalization",not reported,,,not reported,,not reported,,not reported,,not reported,,not reported,,yes,subjects,colorblind  and ailed the training criterion,not reported,not reported,not reported,not reported,not reported,not reported,not reported,not reported,,,,,within,3,ANOVA,ANOVA_univariat,14,Yu-Fang
Leuchs L and Schneider M and Spoormaker VI,2019,10.1111/psyp.13283,"Measuring the conditioned response: A comparison of pupillometry, skin conductance, and startle electromyography.",Psychophysiology,https://pubmed.ncbi.nlm.nih.gov/30259985/,"Female;Humans;Male;Adult;Young Adult;Electromyography;Skin;Conditioning, Classical/*physiology;Extinction, Psychological/physiology;Fear/physiology;Galvanic Skin Response/*physiology;Reflex, Startle/*physiology;Blinking/*physiology;Pupil/*physiology;Muscle, Skeletal/*physiology",no,no,no,no,CD,51,23,29.5,9.2,yes,individual,"SCR, pupil dilation, startle EMG, US expectancy rating",not reported,,,not reported,,yes,Greenhouse-Geisser correction,not reported,,not reported,,not reported,,yes,subjects, after artifact correction,not reported,not reported,not reported,z,z,not reported,not reported,z,z-transformation ,yes,Not reported,within,within,2,rmANOVA,rmANOVA,14,Yu-Fang
Lee JC and Lovibond PF and Hayes BK and Navarro DJ,2019,10.1037/xge0000496,Negative evidence and inductive reasoning in generalization of associative learning.,Journal of experimental psychology. General,https://pubmed.ncbi.nlm.nih.gov/30475021/,"Female;Humans;Male;Animals;Adult;Young Adult;Association Learning;Conditioning, Classical/*physiology;Fear/*physiology;Association Learning/*physiology;Generalization, Psychological/*physiology;Thinking/*physiology",yes,yes,no,no,CD,221,99,19.6,3.65,not reported,individual,"SCR, pupil dilation, US expectancy ratings, contingency awareness",not reported,,,not reported,,not reported,,not reported,,not reported,,not reported,,yes,subjects,"the CS+ in the final block of training (i.e., last four trials) was <80 or if their average causal judgment for the CS− in the final block of training was >20.",not reported,not reported,not reported,not reported,not reported,not reported,not reported,not reported,,Not reported,Not reported,within,within,2,rmANOVA,other,14,Yu-Fang
Lindström B and Golkar A and Jangard S and Tobler PN and Olsson A,2019,10.1073/pnas.1810180116,Social threat learning transfers to decision making in humans.,Proceedings of the National Academy of Sciences of the United States of America,https://pubmed.ncbi.nlm.nih.gov/30760585/,"Female;Humans;Male;Fear;Adult;Young Adult;Conditioning, Classical;Arousal;Decision Making;Humanism;Humanities;*Decision Making;*Social Learning",yes,no,no,no,CD,121,69,25.9,0,not reported,individual,"SCR, conditioned threat responses, empathy, subjective unpleasantness",not reported,,not reported,,,not reported,,not reported,,not reported,,not reported,,no,not reported,,not reported,not reported,not reported,NA,raw,not reported,not reported,not reported,,Not reported,,mixed,within,,,multiple,14,Yu-Fang
Lipp OV and Luck CC and Ney LJ and Waters AM,2022,10.1016/j.ijpsycho.2022.07.005,Intolerance of uncertainty affects electrodermal responses during fear acquisition: Evidence from electrodermal responses to unconditional stimulus omission.,International journal of psychophysiology : official journal of the International           Organization of Psychophysiology,https://pubmed.ncbi.nlm.nih.gov/35878731/,"Humans;Galvanic Skin Response;Reproducibility of Results;Uncertainty;*Galvanic Skin Response;Fear/physiology;*Extinction, Psychological/physiology",no,no,no,no,CD,217,149,24.57,9.89,not reported,individual,"SCR, CS pleasantness ratings, IUS-12, STAI, PSWQ, MFQ, MASQ",not reported,,not reported,not reported,,not reported,,not reported,,not reported,,not reported,,no,not reported,Not reported,not reported,not reported,not reported,not reported,sqrt,not reported,NA,NA,"sqrt, range correction",yes,Guideline,mixed,mixed,6,ANOVA,ANOVA_univariat,14,Yu-Fang