,,,,,,,,,,,,SAMPLE,SEX,AGE,,,,,REPORTING STANDARDS,,,,,,,,,,,,,,,,TRANSFORMATION,,,,,,,,,,,,,,,,,
Author,year,doi,title,journal,url,keywords,"open data (yes, no)","open code (yes, no)","open material (yes, no)",preregistration yes/no,"longitudinal design (LD), cross-sectional design (CD), unclear",n_with_exclusions,n_female_total,age_mean_total,age_sd_total,"mental health disorder exclusion (yes, no, unclear, not reported, only control group, partially)","Was an individual level analysis conducted in the study? group/ individual level analysis, both","If an individual level analysis was conducted in the study, what was the variable of interest? (e.g. sex/ gender, STAI, IUS, BDI, multiple)","Was the normal distribution checked? answers: dependent variable, independent variable, residuals, mixed, not reported","If yes, how? (e.g., specific test or visually), if no: NA","If yes, was the normal distribution tested before or after transformation procedure? answers: before, after, both, not reported. if no: NA","Was the homoscedasticity checked? answers: yes, not reported","If yes, how?  (e.g., specific test or visually), if no: NA","Was the sphericity checked? answers: yes, not reported","If yes, how?  (e.g., specific test or visually), if no: NA","Was the independence of residuals checked? answers: yes, not reported","If yes, how?  (e.g., specific test or visually), if no: NA","Was the linearity checked? answers: yes, not reported","If yes, how?  (e.g., specific test or visually), if no: NA","Was the multicollinearity checked? answers: yes, not reported","If yes, how?   (e.g., specific test or visually), if no: NA","outlier removal reported? yes, no (this refers to quantitative measures such as +/-3SD and not qualitative ones (artifacts, zero responses)","outlier refer to: subjects, trials, both, NA, not reported","outlier criterion (e.g., +/- 2SD; this refers to quantitative measures such as +/-2SD and not qualitative ones (artifacts, zero responses)",HR (BPM),HRV,EMG orbicularis oculi,EMG startle,SCR,SCL,EYE tracking,PUPIL SIZE,"specification of data transformation method (e.g. range correction formula), not reported (if there are multiple different specifications for multiple outcome measures, extract them all)",is there a rationale for specific data transformation procedure (e.g. guideline)? yes/ no,which rationale? (e.g. guideline/ ref/ not reported),"was the transformation applied (AND EXPLICITELY STATED IN THE METHODS SECTION) on trial level or on an average-level (across trials)/ other/ or not reported (if this is done differently for various outcome measures, indicate it)","Stastistical model: within, between or mixed design? (e.g., paired t-test = within, independent t-test = between)","If within or mixed: how many within factor levels (of largest within factor)? (e.g., two different CS stimuli = two within factors)","Main statistical test: t-test, AN(C)OVA, correlation, regression, mixed model, other (ask Perplexity.ai with copy pasting info from the method section)","Main statistical test: further specification (e.g., non-parametric test), if ANCOVA: centered covariate?, if mixed model: paste formula here, of other: name of test (e.g. chi-squared, MANOVA)",reviewer_ID,comment
"Lewis, Michael W. and Friedman, Bruce H. and Jones, Russell T.",2021,10.1037/pne0000266,Increases and decreases in fear potentiated startle during fear acquisition: A latent class growth analysis,Psychology & Neuroscience,https://search.ebscohost.com/login.aspx?direct=true&db=pdh&AN=2021-75099-001&site=ehost-live,Fear;Stress;Learning;Electromyography;Psychophysiology;Conditioned Fear;psychophysiology;fear learning;stress;growth mixture modeling;Latent Class Analysis;latent class growth analysis,no,no,no,no,CD,78,,,,unclear,both,sex,not reported,NA,NA,not reported,NA,not reported,NA,not reported,NA,not reported,NA,not reported,NA,no,NA,NA,NA,NA,NA,raw,NA,NA,NA,NA,NA,NA,NA,not reported,within,4,Latent Class Growth Analysis,computational_mod,7,n_female_total=41 was only reported for n_without_exclusions; age was not reported at all; mental health disorder exclusion: only active psychosis exclusion reported; column AU: no transformation was used 
"Lucifora, Chiara and Grasso, Giorgio M. and Nitsche, Michael A. and D'Italia, Giovanni and Sortino, Mauro and Salehinejad, Mohammad A. and Falzone, Alessandra and Avenanti, Alessio and Vicario, Carmelo M.",2022,10.1016/j.jad.2022.05.033,Enhanced fear acquisition in individuals with evening chronotype A virtual reality fear conditioning/extinction study,Journal of Affective Disorders,https://search.ebscohost.com/login.aspx?direct=true&db=psyh&AN=2022-73102-045&site=ehost-live,Galvanic Skin Response;Fear;Skin conductance;Anxiety;Conditioned Fear;Extinction (Learning);Fear acquisition;Virtual Reality;Affective Disorders;Virtual reality;Affective learning;Chronotype;Evening chronotype;Human Biological Rhythms;Trait anxiety related disorders,no,no,no,no,CD,76,,,,not reported,both,STAI; chronotype,not reported,NA,NA,not reported,NA,not reported,NA,not reported,NA,not reported,NA,not reported,NA,no,NA,NA,NA,NA,NA,NA,sqrt,NA,NA,NA,not reported,yes,"reference (e.g., van’t Wout et al., 2016; Vicario et al., 2020; Ney et al., 2021)",trial-level,mixed,4,ANOVA,rmANOVA,7,n_female_total=30 was only reported for n_without_exclusions; M_age=21.9 and SD_age=3.23 was only reported for n_without_exclusions
"Leimeister, Franziska and Pesquita, Ana and Jensen, Ole and Pauli, Paul and Wiemer, Julian",2023,10.1016/j.ijpsycho.2023.08.008,To remember or not to remember: Neural oscillations and ERPs as predictors of intentional associative fear learning,International Journal of Psychophysiology,https://search.ebscohost.com/login.aspx?direct=true&db=psyh&AN=2024-18498-001&site=ehost-live,Learning;Fear conditioning;Conditioned Fear;Memory;Intentional learning;P300;Alpha Rhythm;Evoked Potentials;Event related potentials;Memory effects;Neural oscillations,yes,no,no,no,CD,53,,,,yes,group,NA,not reported,NA,NA,not reported,NA,not reported,NA,not reported,NA,not reported,NA,not reported,NA,no,NA,NA,NA,NA,NA,NA,log,NA,NA,not reported,SCR were logarithmized (ln[SCR+1]) and standardized (z-standardization),no,not reported,not reported,within,"pupil: 3, SCR: 2",ANOVA,rmANOVA,7,"n_female_total=27 was only reported for n_without_exclusions; M_age=23.65 and SD_age=3.16 was only reported for n_without_exclusions; test for sphericity check not reported but Greenhouse-Geisser correction reported; was the transformation applied (AND EXPLICITELY STATED IN THE METHODS SECTION) on trial level or on an average-level (across trials)/ other/ or not reported (if this is done differently for various outcome measures, indicate it): not reported"
"Li, Junjiao and Caoyang, Jingwen and Chen, Wei and Jie, Jing and Shi, Pei and Dong, Yuanyuan and Chen, Wenjun and Lin, Manling and Sun, Nan and Zheng, Xifu",2023,10.1016/j.biopsycho.2023.108502,Effects of the retrieval-extinction paradigm with abstract reminders on fear memory extinction,Biological Psychology,https://search.ebscohost.com/login.aspx?direct=true&db=psyh&AN=2023-56865-001&site=ehost-live,Fear;Fear conditioning;Conditioned Fear;Memory;Extinction (Learning);Conditioned Stimulus;Reconsolidation;Abstract reminder cues;Abstraction;Retrieval-extinction,no,no,no,no,CD,108,,,,yes,group,NA,not reported,NA,NA,not reported,NA,not reported,NA,not reported,NA,not reported,NA,not reported,NA,yes,both, 3 SD,NA,NA,NA,NA,sqrt,NA,NA,NA,not reported,NA,NA,not reported,mixed,2,ANOVA,rmANOVA,7,"n_female_total=87, mean_age=21 and sd_age=2 was only reported for n_without_exclusions"
Lovibond PF,1992,10.1111/j.1469-8986.1992.tb02037.x,Tonic and phasic electrodermal measures of human aversive conditioning with long duration stimuli.,Psychophysiology,https://pubmed.ncbi.nlm.nih.gov/1461953/,"Humans;Adult;Psychophysiology;Conditioning, Classical/*physiology;Fear/*physiology;Electroshock;Attention/*physiology;Humanism;Humanities;Set, Psychology;Arousal/*physiology;Association Learning/*physiology;Galvanic Skin Response/*physiology;Pattern Recognition, Visual/*physiology;Reaction Time/physiology",no,no,no,no,CD,76,,,,not reported,group,NA,not reported,NA,NA,not reported,NA,not reported,NA,not reported,NA,not reported,NA,not reported,NA,no,NA,NA,NA,NA,NA,NA,log,log,NA,NA,SCR: log(score+1); SCLs were log-transformed before subtraction,yes,because groups differed in mean response level,not reported,mixed,4,Multivariate model for repeated measures,other,7,"exp 1.: N=76, exp2.: N= 29; distribution of males & females not reported, age not reported; data transformation for exp. 2: SCR: mean-correction (using the mean of all trials for that measure); SCL: (score-min)/mean-min), where min is the the lowest SCL score for that subject"
Lovibond PF and Siddle DA and Bond NW,1993,10.1037//0096-3445.122.4.449,Resistance to extinction of fear-relevant stimuli: preparedness or selective sensitization?,Journal of experimental psychology. General,https://pubmed.ncbi.nlm.nih.gov/8263464/,"Female;Humans;Galvanic Skin Response;Male;Cognition;Adult;Conditioning, Classical;Reinforcement, Psychology;Photic Stimulation;Acoustic Stimulation;Electrodes;Electric Stimulation;*Repression-Sensitization;Phobic Disorders/*genetics",no,no,no,no,CD,87,63,,,not reported,group,NA,not reported,NA,NA,not reported,NA,not reported,NA,not reported,NA,not reported,NA,not reported,NA,no,NA,NA,NA,NA,NA,NA,log,NA,NA,NA,log(score+1),no,NA,not reported,mixed,5,Multivariate model for repeated measures,other,7,exp 2.: n_total_withexclusions=105 (n_female_total=71); n_total_withoutexclusions=96)
"Lonsdorf, Tina B. and Weike, Almut I. and Nikamo, Pernilla and Schalling, Martin and Hamm, Alfons O. and Öhman, Arne",2009,10.1111/j.1467-9280.2009.02280.x,Genetic gating of human fear learning and extinction: Possible implications for gene-environment interaction in anxiety disorder,Psychological Science,https://search.ebscohost.com/login.aspx?direct=true&db=psyh&AN=2009-01682-013&site=ehost-live,"Female;Humans;Environment;Male;Extinction, Psychological;Fear;Adult;Learning;anxiety disorders;Anxiety Disorders;fear conditioning;Alleles;Genotype;Conditioned Fear;Genotypes;Polymorphism;Extinction (Learning);startle reflex;Startle Reflex;Prefrontal Cortex;Conditioning (Psychology);Serotonin Plasma Membrane Transport Proteins;Catechol O-Methyltransferase;Genes;Humanism;Humanities;Behavioral Genetics;acquisition & extinction;alleles;fear potentiation;gene-environment interactions;genes;genetic polymorphisms;genotypes;Nature Nurture",no,no,no,no,CD,63,,,,not reported,both,genetic polymorphism (5-HTTLPR and COMTval158met),not reported,NA,NA,not reported,NA,not reported,NA,not reported,NA,not reported,NA,not reported,NA,no,NA,NA,NA,NA,NA,t,log,NA,NA,NA,startle: z-standardized and converted to T scores: 50 + (z x 10); SCR: log values were range-corrected (individual score/individual maximum response),yes,"reference for SCR transformation (Lykken & Venables, 1971)",trial-level,mixed,3,ANOVA,rmANOVA,7,"n_female_total=23 and M_age=24, SD_age=0.42 was only reported for n_without_exclusions"
Knight DC and Nguyen HT and Bandettini PA,2003,10.1073/pnas.2535780100,Expression of conditional fear with and without awareness.,Proceedings of the National Academy of Sciences of the United States of America,https://pubmed.ncbi.nlm.nih.gov/14657356/,"Female;Humans;Galvanic Skin Response;Male;Adult;Middle Aged;Memory;Neurons/physiology;*Fear;*Conditioning, Classical;*Awareness",no,no,no,no,CD,11,3,32,,not reported,group,NA,not reported,NA,NA,not reported,NA,not reported,NA,not reported,NA,not reported,NA,not reported,NA,no,NA,NA,NA,NA,NA,NA,not reported,NA,NA,NA,not reported,NA,NA,not reported,within,2,paired t-test,ttest,7,
"Luck, Camilla C. and Lipp, Ottmar V.",2016,10.1016/j.lmot.2016.05.001,The influence of contingency reversal instructions on electrodermal responding and conditional stimulus valence evaluations during differential fear conditioning,Learning and Motivation,https://search.ebscohost.com/login.aspx?direct=true&db=psyh&AN=2016-28922-001&site=ehost-live,Fear conditioning;Motivation;Conditioned Fear;Extinction (Learning);Conditional stimulus valence;Electrodermal responding;Evaluative learning;Instructed extinction;Expectancy learning;Instructed reversal;Stimulus Change,no,no,no,no,CD,149,95,23.16,,not reported,group,NA,not reported,NA,NA,not reported,NA,not reported,NA,not reported,NA,not reported,NA,not reported,NA,no,NA,NA,NA,NA,NA,NA,sqrt,NA,NA,NA,SCR were square root transformed and range corrected (using the largest response as a reference),yes,"reference (Dawson, Schell, & Filion, 2007 & Boucsein et al., 2012)",not reported,mixed,2,ANOVA,rmANOVA,7,age_sd_total reported only for subgroups without exclusions
"Luck, Camilla C. and Bramwell, Shannon and Kerin, Jessica and Green, Luke J. S. and Craig, Belinda M. and Lipp, Ottmar V.",2018,10.1016/j.brat.2018.06.004,Temporal context cues in human fear conditioning: Unreinforced conditional stimuli can segment learning into distinct temporal contexts and drive fear responding,Behaviour Research and Therapy,https://search.ebscohost.com/login.aspx?direct=true&db=psyh&AN=2018-38159-003&site=ehost-live,"Female;Humans;Time Factors;Male;Adolescent;Extinction, Psychological;Fear;Adult;Young Adult;Learning;Fear conditioning;Conditioning, Classical;Cues;Reinforcement, Psychology;Conditioned Fear;Reinstatement;Conditioned Stimulus;Electrodermal responding;Episodic Memory;Humanism;Humanities;Episodic memory;Fear relapse",no,no,no,no,CD,68,,21.29,4.2,not reported,group,NA,not reported,NA,NA,not reported,NA,not reported,NA,not reported,NA,not reported,NA,not reported,NA,no,NA,NA,NA,NA,NA,NA,sqrt,NA,NA,NA,SCR were square root transformed and range corrected (using the largest response as a reference),yes,"reference (Dawson, Schell, & Filion, 2007)",not reported,mixed,4,ANOVA,rmANOVA,7,
"Li, Junjiao and Chen, Wei and Caoyang, Jingwen and Wu, Wenli and Jie, Jing and Xu, Liang and Zheng, Xifu",2017,10.3389/fnhum.2017.00575,Moderate partially reduplicated conditioned stimuli as retrieval cue can increase effect on preventing relapse of fear to compound stimuli,Frontiers in Human Neuroscience,https://search.ebscohost.com/login.aspx?direct=true&db=psyh&AN=2017-55117-001&site=ehost-live,Cues;Conditioned Fear;Conditioned Stimulus;fear;Memory Consolidation;memory reconsolidation;stimulus parameters;Stimulus Parameters;Recurrence;Lexical Access;retrieval-extinction,no,no,no,no,CD,92,59,,,not reported,group,NA,not reported,NA,NA,not reported,NA,not reported,Greenhouse Geisser correction was done but test of sphericity not reported,not reported,NA,not reported,NA,not reported,NA,yes,subjects,the difference during acquisition should not go in the opposite direction (CS- above CS+),NA,NA,NA,NA,sqrt,NA,NA,NA,Raw SCR scores were square root-transformed and scaled according to the unconditioned response of each participant by dividing each response by the mean square root-transformed US response.,yes,reference (Schiller et al. (2010)),trial-level,mixed,2,ANOVA & paired t-tests,rmANOVA,7,Greenhouse Geisser correction was done but test of sphericity not reported
"Kurayama, Taichi and Nakazawa, Ken and Matsuzawa, Daisuke and Yoshida, Susumu and Nanbu, Makoto and Suto, Chihiro and Shimizu, Eiji",2009,10.1016/j.biopsych.2008.09.011,Alterations of auditory P50 suppression in human fear conditioning and extinction,Biological Psychiatry,https://search.ebscohost.com/login.aspx?direct=true&db=psyh&AN=2009-02663-013&site=ehost-live,"Female;Humans;Male;Extinction, Psychological;Fear;Adult;Conditioning, Classical;extinction;fear conditioning;Conditioned Fear;Extinction (Learning);Evoked Potentials;Sensory Gating;Case-Control Studies;Evoked Potentials, Auditory;sensory gating;Humanism;Humanities;auditory P50 suppression;evoked potentials",no,no,no,no,CD,21,10,26.1,4.8,yes,group,NA,dependent variable,Kolmogorov-Smirnov,not reported,not reported,NA,not reported,NA,yes,Levene's test,not reported,NA,not reported,NA,no,NA,NA,NA,NA,NA,NA,not reported,NA,NA,NA,NA,NA,NA,not reported,within,3,ANOVA or Wilcoxon signed rank test,rmANOVA,7,"mental health disorder exclusion: exclusion of anxiety disorders specifically, no other mental disorders mentioned"
"Lemmens, Anke and Beckers, Tom and Dibbets, Pauline and Kang, Sahaj and Smeets, Tom",2021,10.1016/j.biopsycho.2021.108151,"Overgeneralization of fear, but not avoidance, following acute stress",Biological Psychology,https://search.ebscohost.com/login.aspx?direct=true&db=psyh&AN=2021-82760-001&site=ehost-live,Fear;Stress;Fear conditioning;Acute Stress;Fear generalization;Avoidance;Response Generalization;Acute stress;Avoidance generalization;MAST,yes,yes,no,yes,CD,71,,,,partially,group,NA,not specified,NA,NA,not reported,NA,yes,Mauchly's test,not reported,NA,not reported,NA,not reported,NA,no,NA,NA,NA,NA,NA,NA,log,NA,NA,NA,log (ln+1),NA,NA,not reported,mixed,8,ANOVA,rmANOVA,7,"n_female_total=54, M_age=23.5, SD_age=5.26 was only reported for n_without_exclusions; "
"Leer, Arne and net, Kim and Vervliet, Bram",2018,10.3389/fpsyt.2018.00117,Beyond extinction: Prolonged conditioning and repeated threat exposure abolish contextual renewal of fear-potentiated startle discrimination but leave expectancy ratings intact,Frontiers in Psychiatry,https://search.ebscohost.com/login.aspx?direct=true&db=psyh&AN=2018-16565-001&site=ehost-live,fear conditioning;Conditioned Fear;Extinction (Learning);Startle Reflex;fear-potentiated startle;Habituation;renewal;extinction learning;Discrimination (Psychology);habituation,no,no,no,no,CD,66,49,22.43,4.03,not reported,group,NA,not reported,NA,NA,not reported,NA,not reported,Greenhouse Geisser correction was done but test of sphericity not reported,not reported,NA,not reported,NA,not reported,NA,no,NA,NA,NA,NA,NA,t,sqrt,NA,NA,NA,"SCR were range-corrected: [SCR/SCRMAX] and square- root transformation were applied, finally SCR and FPS amplitudes were T-transformed:[T=50+10 x [(raw score - M/SD]]",yes,"reference for SCR range correction (Lykken & Venables, 1971), reference for SCR square-root transformation (Boucsein et al., 2012); reference for T-transformation for SCR and FPS (Blumenthal et al., 2005)",average-level,mixed,4,ANOVA,rmANOVA,7,AU: T-Transformation done on average-level; for square-root transformation and range-correction: not reported; Greenhouse Geisser Correction applied
"Koenig, Stephan and Uengoer, Metin and Lachnit, Harald",2017,10.3389/fnhum.2017.00266,Attentional bias for uncertain cues of shock in human fear conditioning: Evidence for attentional learning theory,Frontiers in Human Neuroscience,https://search.ebscohost.com/login.aspx?direct=true&db=psyh&AN=2017-24233-001&site=ehost-live,Humans;Cues;fear conditioning;Conditioned Fear;Uncertainty;associative learning;attention;Shock;Eye Movements;Attentional Bias;uncertainty;Humanism;Humanities;Bias (Epidemiology);eye movements;Learning Theory,no,no,no,no,CD,32,25,23.09,3.75,not reported,group,NA,not reported,NA,NA,not reported,NA,not reported,NA,not reported,NA,not reported,NA,not reported,NA,no,NA,NA,NA,NA,NA,NA,NA,NA,not reported,not reported,NA,NA,NA,not reported,within,4,Linear Mixed Model,rmANOVA,7,
"Laing, Patrick A. F. and Vervliet, Bram and Fullana, Miquel Angel and Savage, Hannah S. and Davey, Christopher G. and Felmingham, Kim L. and Harrison, Ben J.",2021,10.1016/j.brat.2020.103800,Characterizing human safety learning via Pavlovian conditioned inhibition,Behaviour Research and Therapy,https://search.ebscohost.com/login.aspx?direct=true&db=psyh&AN=2021-11944-001&site=ehost-live,Humans;Galvanic Skin Response;Learning;Fear conditioning;Skin conductance;Anxiety;Threat;Conditioned Fear;Classical Conditioning;Safety;Rating;Conditioned Suppression;Safety learning;Trait anxiety;Conditioned inhibition;Humanism;Humanities;Expectancy violation;Prediction error;Summation test,no,no,no,no,CD,73,46,23.88,3.49,yes,both,"age, sex, anxiety (anxiety scores were derived from a PCA of the four anxiety scales; DASS-A, STAI-T, SPIN, and ASI)",not reported,NA,NA,not reported,NA,not reported,Greenhouse Geisser correction was done but test of sphericity not reported,not reported,NA,not reported,NA,not reported,NA,no,NA,NA,NA,NA,NA,NA,not reported,NA,NA,NA,NA,NA,NA,not reported,within,5,ANOVA,rmANOVA,7,
Knight DC and Waters NS and Bandettini PA,2009,10.1016/j.neuroimage.2008.11.015,Neural substrates of explicit and implicit fear memory.,NeuroImage,https://pubmed.ncbi.nlm.nih.gov/19100329/,"Female;Humans;Male;Fear;Adult;Young Adult;Brain Mapping;Memory;Conditioning, Classical/*physiology;Fear/*physiology;Memory/*physiology;Brain/*physiology;Evoked Potentials/*physiology",no,no,no,no,CD,15,7,28.87,1.69,not reported,group,NA,not reported,NA,NA,not reported,NA,not reported,NA,not reported,NA,not reported,NA,not reported,NA,no,NA,NA,NA,NA,NA,NA,sqrt,NA,NA,NA,not reported,no,NA,not reported,within,2,ANOVA,rmANOVA,7,
"Klucken, Tim and Kruse, Onno and Schweckendiek, Jan and Stark, Rudolf",2015,10.3389/fnbeh.2015.00132,Increased skin conductance responses and neural activity during fear conditioning are associated with a repressive coping style,Frontiers in Behavioral Neuroscience,https://search.ebscohost.com/login.aspx?direct=true&db=psyh&AN=2015-31653-001&site=ehost-live,Fear;Amygdala;Mental Disorders;amygdala;fear;Functional Magnetic Resonance Imaging;Individual Differences;Coping Behavior;Insula;Cingulate Cortex;Etiology;classical conditioning;Coping Style;reappraisal;sensitizer;vigilance,no,no,no,no,CD,79,38,23.9,3.84,yes,both,different coping styles assessed via MCI,not reported,NA,NA,not reported,NA,not reported,NA,not reported,NA,not reported,NA,not reported,NA,no,NA,NA,NA,NA,NA,NA,not reported,NA,NA,NA,NA,NA,NA,not reported,mixed,2,ANOVA,rmANOVA,7,
Lonsdorf TB and Weike AI and Golkar A and Schalling M and Hamm AO and Öhman A,2010,10.1037/a0018261,Amygdala-dependent fear conditioning in humans is modulated by the BDNFval66met polymorphism.,Behavioral neuroscience,https://pubmed.ncbi.nlm.nih.gov/20141276/,"Female;Humans;Male;Amygdala;Analysis of Variance;Electromyography;Polymorphism, Genetic;Genotype;Conditioning, Classical/*physiology;Students;Universities;Humanism;Humanities;*Fear;Extinction, Psychological/physiology;Avoidance Learning/physiology;Amygdala/*physiology;Photic Stimulation/methods;Acoustic Stimulation/adverse effects;Brain-Derived Neurotrophic Factor/*genetics;Galvanic Skin Response/genetics;Methionine/*genetics;Polymorphism, Genetic/*genetics;Reflex, Startle/genetics;Valine/*genetics",no,no,no,no,CD,63,,,,not reported,group,NA,not reported,NA,NA,not reported,NA,not reported,Greenhouse Geisser correction was done but test of sphericity not reported,not reported,NA,not reported,NA,not reported,NA,no,NA,NA,NA,NA,NA,z,log,NA,NA,NA,Startle: z-standardized and converted to T scores: 50 + (z x 10); SCR: log values were range-corrected (individual score/individual maximum response),yes,"reference for SCR transformation (Venables& Christie, 1980; Lykken & Venables, 1971)",not reported,mixed,4,ANOVA,rmANOVA,7,n_female_total=23; age_mean_total=23.85 only reported for n_without_exclusions
"Mallan, Kimberley M. and Sax, James and Lipp, Ottmar V.",2009,10.1016/j.jesp.2009.08.001,Verbal instruction abolishes fear conditioned to racial out-group faces,Journal of Experimental Social Psychology,https://search.ebscohost.com/login.aspx?direct=true&db=psyh&AN=2009-16021-001&site=ehost-live,Conditioned Fear;fear learning;Facial Expressions;conditioned fear;Teaching;Verbal Communication;faces;verbal instruction;abolishes;Racial and Ethnic Groups;racial groups;resistances,no,no,no,no,CD,64,31,19.81,,not reported,group,NA,not reported,NA,NA,not reported,NA,not reported,NA,not reported,NA,not reported,NA,not reported,NA,no,NA,NA,NA,NA,NA,not reported,not reported,NA,NA,NA,NA,NA,NA,not reported,mixed,4,ANOVA,rmANOVA,7,
Klumpers F and van Gerven JM and Prinssen EP and Niklson I and Roesch F and Riedel WJ and Kenemans JL and Baas JM,2010,10.1177/0269881109103115,Method development studies for repeatedly measuring anxiolytic drug effects in healthy humans.,"Journal of psychopharmacology (Oxford, England)",https://pubmed.ncbi.nlm.nih.gov/19329545/,"Female;Humans;Time Factors;Galvanic Skin Response;Male;Adolescent;Fear;Adult;Young Adult;Reproducibility of Results;Habituation, Psychophysiologic;Reflex, Startle;Electromyography;Clinical Trials as Topic;Anti-Anxiety Agents;Humanism;Humanities;Mental Processes;Cross-Over Studies;*Neuropsychological Tests;Stroop Test;*Anxiety/drug therapy;Anti-Anxiety Agents/adverse effects/pharmacokinetics/*pharmacology;Neuropharmacology/*methods",no,no,no,no,CD,10,8,,,yes,group,NA,not reported,NA,NA,not reported,NA,not reported,Greenhouse Geisser correction was done but test of sphericity not reported,not reported,NA,not reported,NA,not reported,NA,yes,trials,above 2 SD from mean baseline activity were rejected,NA,NA,NA,z,log,NA,NA,NA,startle data were z-transformed based on single epoch data from all sessions per subject and converted to T-scores (T = z * 10 + 50); SCR: (ln(SCR + 1),no,NA,not reported,within,4,ANOVA,rmANOVA,7,n_with_exclusions=10; n_female_total= 8 for experiment 1 and n_with_exclusions= 10; n_female_total= 10 for experiment 2 
Lang PJ and Wangelin BC and Bradley MM and Versace F and Davenport PW and Costa VD,2011,10.1111/j.1469-8986.2010.01076.x,Threat of suffocation and defensive reflex activation.,Psychophysiology,https://pubmed.ncbi.nlm.nih.gov/20667037/,"Female;Humans;Male;Young Adult;Cues;Reflex, Startle;Acoustic Stimulation;Electromyography;Safety;Galvanic Skin Response/physiology;Asphyxia;Data Interpretation, Statistical;Fear/physiology;Aggression/*physiology;Blinking/physiology;H-Reflex;Heart Rate/physiology;Reflex/*physiology;Asphyxia/*psychology;Respiratory Mechanics/physiology",no,no,no,no,CD,15,6,,,no,group,NA,not reported,NA,NA,not reported,NA,not reported,NA,not reported,NA,not reported,NA,not reported,NA,no,NA,NA,not reported,NA,not reported,not reported,not reported,NA,NA,NA,NA,NA,NA,not reported,within,2,ANOVA,rmANOVA,7,
Leer A and Smeets MA and Bulsing PJ and van den Hout MA,2011,10.1016/j.jbtep.2010.12.007,Odors eliciting fear: a conditioning approach to Idiopathic Environmental Intolerances.,Journal of behavior therapy and experimental psychiatry,https://pubmed.ncbi.nlm.nih.gov/21315888/,"Female;Humans;Environment;Male;Adolescent;Adult;Odors;*Conditioning, Psychological;Extinction, Psychological/physiology;Avoidance Learning/physiology;Fear/*physiology/psychology;*Odorants;Multiple Chemical Sensitivity;Multiple Chemical Sensitivity/*psychology",no,no,no,no,CD,53,38,21.9,2.58,yes,group,NA,not reported,NA,NA,not reported,NA,not reported,Mauchly's test,not reported,NA,not reported,NA,not reported,NA,no,NA,NA,NA,NA,NA,NA,sqrt,NA,NA,NA,not reported,NA,NA,trial-level,mixed,4,ANOVA,rmANOVA,7,
"López, Raúl and Poy, Rosario and Pastor, M. Carmen and Segarra, Pilar and Moltó, Javier",2009,10.1016/j.ijpsycho.2009.09.006,Cardiac defense response as a predictor of fear learning,International Journal of Psychophysiology,https://search.ebscohost.com/login.aspx?direct=true&db=psyh&AN=2009-18778-001&site=ehost-live,"Female;Humans;Galvanic Skin Response;Heart Rate;Male;Predictive Value of Tests;Fear;Adult;Young Adult;Learning;Motivation;skin conductance;Skin Resistance;Aversion Conditioning;fear learning;startle reflex;Startle Reflex;heart rate;Avoidance Learning;Cardiovascular Reactivity;cardiac defense response;Conditioning, Eyelid;Defense Mechanisms;defensive motivational system",no,no,no,no,CD,73,67,24.17,2.31,yes,group,NA,not reported,NA,NA,not reported,NA,not reported,NA,not reported,NA,not reported,NA,not reported,NA,no,NA,NA,not reported,NA,NA,z,log,NA,NA,NA,SCR: (log [SC + 1]),no,NA,trial-level,within,3,ANOVA,rmANOVA,7,n_with_exclusions=20; n_female_total=12 for experiment 2
"Lovibond, Peter F. and Mitchell, Christopher J. and Minard, Erin and Brady, Alison and Menzies, Ross G.",2009,10.1016/j.brat.2009.04.013,Safety behaviours preserve threat beliefs: Protection from extinction of human fear conditioning by an avoidance response,Behaviour Research and Therapy,https://search.ebscohost.com/login.aspx?direct=true&db=psyh&AN=2009-11060-013&site=ehost-live,"Female;Humans;Galvanic Skin Response;Male;Extinction, Psychological;Fear;Conditioning, Classical;anxiety;Anxiety;Threat;Conditioned Fear;Extinction (Learning);Safety;Avoidance;Electric Stimulation;Avoidance Learning;human fear conditioning;Humanism;Humanities;Culture;safety behaviors;avoidance response;extinction protection;threat beliefs",no,no,no,no,CD,65,42,,,not reported,group,NA,not reported,NA,NA,not reported,NA,not reported,NA,not reported,NA,not reported,NA,not reported,NA,no,NA,NA,NA,NA,NA,NA,NA,mean corrected,NA,NA,SCL were mean-corrected: SCL change score on each trial as a proportion of the mean SCL change score for that subject over all trials,yes,reference: Lovibond (1992),trial-level,within,4,multivariate model for repeated measures,other,7,
"Knight, David C. and Nguyen, Hanh T. and Bandettini, Peter A.",2006,10.3758/CABN.6.2.157,The role of awareness in delay and trace fear conditioning in humans,"Cognitive, Affective & Behavioral Neuroscience",https://search.ebscohost.com/login.aspx?direct=true&db=psyh&AN=2006-11420-007&site=ehost-live,Female;Humans;Time Factors;Galvanic Skin Response;Male;Cognition;Fear;Adult;Awareness;Middle Aged;skin conductance response;Skin Resistance;Conditioned Fear;Conditioned Stimulus;Unconditioned Stimulus;delay;unconditioned stimulus;Conditioning (Psychology);awareness;trace fear conditioning;Humanism;Humanities,no,no,no,no,CD,26,13,30.77,1.78,not reported,group,NA,not reported,NA,NA,not reported,NA,not reported,NA,not reported,NA,not reported,NA,not reported,NA,no,NA,NA,NA,NA,NA,NA,not reported,NA,NA,NA,SCR data were normalized (no further information),yes,"reference: Lykken & Venables, 1971",not reported,within,2,paired t-tests,ttest,7,
"LaBar, Kevin S. and Cook, Craig A. and Torpey, Dana C. and Welsh-Bohmer, Kathleen A.",2004,10.1037/0735-7044.118.5.905,Impact of Healthy Aging on Awareness and Fear Conditioning,Behavioral Neuroscience,https://search.ebscohost.com/login.aspx?direct=true&db=psyh&AN=2004-19432-004&site=ehost-live,"Female;Humans;Male;Health;Adolescent;Fear;Adult;Aging;Analysis of Variance;Aged;Awareness;Middle Aged;fear conditioning;Neuropsychological Tests;Classical Conditioning;contingency awareness;Age Differences;unconditioned stimulus;Conditioning (Psychology);Aged, 80 and over;age-associated changes;discriminant conditioning;Healthy Aging;reinforcement contingencies;visual conditioned stimuli",no,no,no,no,CD,87,58,50.33,4,yes,group,NA,not reported,NA,NA,not reported,NA,not reported,NA,not reported,NA,not reported,NA,not reported,NA,no,NA,NA,NA,NA,NA,NA,sqrt,NA,NA,NA,not reported,NA,NA,not reported,mixed,2,ANOVA,rmANOVA,7,
"Knight, David C. and Smith, Christine N. and Cheng, Dominic T. and Stein, Elliot A. and Helmstetter, Fred J.",2004,10.3758/CABN.4.3.317,Amygdala and hippocampal activity during acquisition and extinction of human fear conditioning,"Cognitive, Affective & Behavioral Neuroscience",https://search.ebscohost.com/login.aspx?direct=true&db=psyh&AN=2004-20441-004&site=ehost-live,"Female;Humans;Male;Adolescent;Extinction, Psychological;Fear;Adult;Amygdala;Hippocampus;Brain;Brain Mapping;Magnetic Resonance Imaging;Conditioning, Classical;Association Learning;amygdala;Conditioned Fear;human fear conditioning;Humanism;Humanities;Reference Values;brain activity;hippocampal activity",no,no,no,no,CD,30,17,24.5,5.17,not reported,group,NA,not reported,NA,NA,not reported,NA,not reported,NA,not reported,NA,not reported,NA,not reported,NA,no,NA,NA,NA,NA,NA,NA,rc,NA,NA,NA,All skin conductance data were range corrected by dividing each participant’s raw skin conductance by his or her mean skin conductance level across each training block,no,NA,trial-level,within,2,paired t-tests,ttest,7,
"Knight, David C. and Cheng, Dominic T. and Smith, Christine N. and Stein, Elliot A. and Helmstetter, Fred J.",2004,10.1523/JNEUROSCI.0433-03.2004,Neural Substrates Mediating Human Delay and Trace Fear Conditioning,The Journal of Neuroscience,https://search.ebscohost.com/login.aspx?direct=true&db=psyh&AN=2004-10125-007&site=ehost-live,"Female;Humans;Time Factors;Male;Adolescent;Fear;Adult;Hippocampus;Neurons;Brain;Magnetic Resonance Imaging;Conditioning, Classical;fear conditioning;Conditioned Fear;hippocampus;Electric Stimulation;Electroshock;delay conditioning;Electric Conductivity;Humanism;Humanities;anterior cingulate;neural substrates",no,no,no,no,CD,17,9,23,6,not reported,group,NA,not reported,NA,NA,not reported,NA,not reported,NA,not reported,NA,not reported,NA,not reported,NA,no,NA,NA,NA,NA,NA,NA,not reported,NA,NA,NA,NA,NA,NA,not reported,within,4,ANOVA,rmANOVA,7,
"López Medina, Miguel Ángel and Rodríguez Valverde, Miguel and Hernández López, Mónica",2016,,Transfer of conditioned fear-potentiated startle across equivalence classes An exploratory study,International Journal of Psychology & Psychological Therapy,https://search.ebscohost.com/login.aspx?direct=true&db=psyh&AN=2016-55818-003&site=ehost-live,fear conditioning;Psychophysiology;Skin Resistance;Conditioned Fear;generalization;Startle Reflex;fear-potentiated startle;Generalization (Learning);transfer of functions;equivalence relations,no,no,no,no,CD,27,20,20.04,,not reported,group,NA,not reported,NA,NA,not reported,NA,not reported,NA,not reported,NA,not reported,NA,not reported,NA,no,NA,NA,NA,NA,NA,t,not reported,NA,NA,NA,EMG amplitude scores were standardized into T-scores (within subject) in order to normalize data and reduce between-subject variability.,no,NA,trial-level,within,4,MANOVA,ANOVA_multivariat,7,
Klumpers F and Heitland I and Oosting RS and Kenemans JL and Baas JM,2012,10.1016/j.biopsycho.2011.10.018,Genetic variation in serotonin transporter function affects human fear expression indexed by fear-potentiated startle.,Biological psychology,https://pubmed.ncbi.nlm.nih.gov/22061270/,"Female;Humans;Male;Genetic Variation;Adolescent;Adult;Cues;Acoustic Stimulation;Alleles;Genotype;Fear/*physiology;Serotonin Plasma Membrane Transport Proteins;Humanism;Humanities;*Polymorphism, Genetic;Anxiety/genetics;Reflex, Startle/*genetics;Reflex/*genetics;Serotonin Plasma Membrane Transport Proteins/*genetics",no,no,no,no,CD,95,,,,yes,group,NA,not reported,NA,NA,not reported,NA,not reported,NA,not reported,NA,not reported,NA,not reported,NA,no,NA,NA,NA,NA,NA,z,NA,NA,NA,NA,startle magnitudes from the habituation trials were log-transformed to correct deviations from normality; startle magnitudes for all experimental conditions were transformed to z-scores per subject to simultaneously control for impact of baseline startle on fear-potentiated startle; raw data is also reported,no,NA,trial-level,mixed,3,ANOVA,rmANOVA,7,n_without_exclusions=82; n_female_total only reported for n_without exclusions=60; M_age and SD_age not reported at all
Linnman C and Zeidan MA and Pitman RK and Milad MR,2012,10.1016/j.biopsycho.2011.12.012,Resting cerebral metabolism correlates with skin conductance and functional brain activation during fear conditioning.,Biological psychology,https://pubmed.ncbi.nlm.nih.gov/22207247/,"Female;Humans;Male;Adult;Brain;Magnetic Resonance Imaging;Image Processing, Computer-Assisted;Conditioning, Classical/*physiology;Fear/*physiology;Electroshock;Galvanic Skin Response/*physiology;Rest;Brain Mapping/methods;Brain/diagnostic imaging/*metabolism;Neural Pathways/diagnostic imaging/*physiology;Radionuclide Imaging",no,no,no,no,CD,20,10,26,5,not reported,individual,resting cerebral metabolism,not reported,NA,NA,not reported,NA,not reported,NA,not reported,NA,not reported,NA,not reported,NA,no,NA,NA,NA,NA,NA,NA,sqrt,NA,NA,NA,not reported,no,NA,not reported,within,2,regression analyses,linear regression,7,
Kurayama T and Matsuzawa D and Komiya Z and Nakazawa K and Yoshida S and Shimizu E,2012,10.1016/j.ijpsycho.2012.01.004,P50 suppression in human discrimination fear conditioning paradigm using danger and safety signals.,International journal of psychophysiology : official journal of the International           Organization of Psychophysiology,https://pubmed.ncbi.nlm.nih.gov/22251449/,"Female;Humans;Male;Adult;Young Adult;Conditioning, Classical/*physiology;Discrimination (Psychology);Dangerous Behavior;Extinction, Psychological/*physiology;Humanism;Humanities;Electric Stimulation/methods;Fear/*physiology/psychology;Auditory Perception/physiology;Electroencephalography/methods;Evoked Potentials, Auditory/*physiology;Discrimination, Psychological/*physiology;Acoustic Stimulation/*methods",no,no,no,no,CD,25,14,27.5,4,yes,group,NA,not reported,NA,NA,not reported,NA,not reported,NA,not reported,NA,not reported,NA,not reported,NA,no,NA,NA,NA,NA,NA,NA,not reported,NA,NA,NA,not reported,no,NA,not reported,within,3,ANOVA,rmANOVA,7,
"Lovibond, Peter F. and Davis, Natasha R. and O'Flaherty, Ailie S.",2000,10.1016/S0005-7967(99)00121-7,Protection from extinction in human fear conditioning,Behaviour Research and Therapy,https://search.ebscohost.com/login.aspx?direct=true&db=psyh&AN=2001-16108-001&site=ehost-live,"Attention;Female;Humans;Male;Adolescent;Extinction, Psychological;Fear;Adult;Conditioning, Classical;Arousal;Extinction (Learning);Classical Conditioning;Stimulus Parameters;Electroshock;Inhibition (Psychology);college students;Humanism;Humanities;Interference (Learning);protection from extinction & ability of added stimulus to interfere with extinction of target exc...",no,no,no,no,CD,26,19,,,not reported,group,NA,not reported,NA,NA,not reported,NA,not reported,NA,not reported,NA,not reported,NA,not reported,NA,no,NA,NA,NA,NA,NA,NA,NA,mean corrected,NA,NA,SCL were mean-corrected: SCL change score on each trial as a proportion of the mean SCL change score for that subject over all trials,yes,reference: Lovibond (1992),trial-level,within,5,multivariate model for repeated measures,other,7,n_with_exclusions=20; n_female_total=12 for experiment 2
"Levar, Nina and van Leeuwen, Judith M. C. and Puts, Nicolaas A. J. and Denys, Damiaan and van Wingen, Guido A.",2017,10.3389/fnhum.2017.00202,GABA concentrations in the anterior cingulate cortex are associated with fear network function and fear recovery in humans,Frontiers in Human Neuroscience,https://search.ebscohost.com/login.aspx?direct=true&db=psyh&AN=2017-20321-001&site=ehost-live,"Humans;Fear;fMRI;extinction;SCR;fear;Cingulate Cortex;Gamma Aminobutyric Acid;gamma-Aminobutyric Acid;Gyrus Cinguli;Biological Neural Networks;GABA;Receptors, GABA-A;Humanism;Humanities;dACC;MRS;recovery",no,no,no,no,CD,106,0,21.75,3.17,not reported,both,GABA levels,not reported,NA,NA,not reported,NA,not reported,NA,not reported,NA,not reported,NA,not reported,NA,yes,subjects,mean SCR in last four trials of the conditioning phase below 2 SD of the group mean,NA,NA,NA,NA,rc,NA,NA,NA,"SCR data was standardized to the largest elicited SCRs (max(SCR)), which were the unconditioned responses to the shocks. We used the average of the SCRs (Avgmax(SCR)) to the US responses to standardize data (SCR/Avgmax(SCR))",yes,due to large inter-individual differences in SCRs,trial-level,within,not clear,Wilcoxon-Mann-Whitney test,other,7,
"Lee, Tae-Ho and Greening, Steven G. and Mather, Mara",2015,10.3389/fpsyg.2015.01173,Encoding of goal-relevant stimuli is strengthened by emotional arousal in memory,Frontiers in Psychology,https://search.ebscohost.com/login.aspx?direct=true&db=psyh&AN=2015-41014-001&site=ehost-live,arousal;Arousal;Conditioned Fear;Memory;emotion;Physiological Arousal;Human Information Storage;memory;Emotional States;fear-conditioning;arousal-biased competition;emotion-induced memory enhancement;top-down goal,no,no,no,no,CD,33,24,20.22,,not reported,group,NA,not reported,NA,NA,not reported,NA,not reported,NA,not reported,NA,not reported,NA,not reported,NA,no,NA,NA,NA,NA,NA,NA,not reported,NA,NA,NA,not reported,no,NA,not reported,within,2,t-test,ttest,7,"n_with_exclusions=27, n_female_total= 16 and M_age= 20.30 for study 2"
"Kuriyama, Kenichi and Soshi, Takahiro and Kim, Yoshiharu",2010,10.1016/j.biopsych.2010.08.015,Sleep deprivation facilitates extinction of implicit fear generalization and physiological response to fear,Biological Psychiatry,https://search.ebscohost.com/login.aspx?direct=true&db=psyh&AN=2010-20952-001&site=ehost-live,"Female;Humans;Stress, Psychological;Galvanic Skin Response;Male;Extinction, Psychological;Fear;Adult;Analysis of Variance;fear conditioning;Mental Recall;Arousal;Conditioned Fear;Physiological Arousal;Sleep Deprivation;Generalization (Psychology);episodic memory;Episodic Memory;Recognition (Psychology);sleep deprivation;event memory;implicit fear conditioning;physiological fear responses",no,no,no,no,CD,28,13,23.3,,not reported,group,NA,not reported,NA,NA,not reported,NA,not reported,NA,not reported,NA,not reported,NA,not reported,NA,no,NA,,,,,,,,,,,,,,,,,,9,"Kirsten: Studie nach Rücksprache mit Valerie nachträglich ausgeschlossen, da überhaupt kein Fear Conditioning durchgeführt wurde"
López R and Poy R and Patrick CJ and Moltó J,2013,10.1111/j.1469-8986.2012.01493.x,Deficient fear conditioning and self-reported psychopathy: the role of fearless dominance.,Psychophysiology,https://pubmed.ncbi.nlm.nih.gov/23240559/,"Female;Humans;Male;Adult;Neuropsychological Tests;Arousal;Galvanic Skin Response/physiology;Fear/*psychology;Extinction, Psychological/physiology;Habituation, Psychophysiologic/physiology;Conditioning, Psychological/*physiology;Antisocial Personality Disorder/*psychology;Diagnostic and Statistical Manual of Mental Disorders;*Social Dominance;Impulsive Behavior/psychology",no,no,no,no,CD,74,42,,,not reported,both,PPI-R,not reported,NA,NA,not reported,NA,not reported,NA,not reported,NA,not reported,NA,not reported,NA,no,NA,NA,NA,NA,NA,NA,log,NA,NA,NA,SC change scores were logarithmized (log[SC+1]) to normalize the score distribution,no,NA,not reported,mixed,2,"correlation, repeated measures GLM",other,9,/
"Maier, Simon and Szalkowski, Anna and Kamphausen, Susanne and Perlov, Evgeniy and Feige, Bernd and Blechert, Jens and Philipsen, Alexandra and van Elst, Ludger Tebartz and Kalisch, Raffael and Tüscher, Oliver",2012,10.1371/journal.pone.0050120,"Clarifying the role of the rostral dmPFC/dACC in fear/ anxiety: Learning, appraisal or expression?",PLoS ONE,https://search.ebscohost.com/login.aspx?direct=true&db=psyh&AN=2013-03418-001&site=ehost-live,Female;Humans;Male;Fear;Adult;Young Adult;Brain Mapping;Learning;Magnetic Resonance Imaging;Middle Aged;anxiety;Anxiety;Conditioned Fear;learning;fear;Cognitive Appraisal;prefrontal cortex;Prefrontal Cortex;Cingulate Cortex;Gyrus Cinguli;cingulate cortex;appraisal;expression,no,no,no,no,CD,34,21,33,,yes,group,NA,not reported,NA,NA,not reported,NA,not reported,NA,not reported,NA,not reported,NA,not reported,NA,no,NA,NA,NA,NA,NA,NA,not reported,NA,NA,NA,NA,NA,NA,not reported,within,2,rmANOVA,rmANOVA,9,study contains 2 experiments with 2 independent samples
"Linnman, Clas and Rougemont-Bücking, Ansgar and Beucke, Jan Carl and Zeffiro, Thomas A. and Milad, Mohammed R.",2011,10.1016/j.bbr.2011.02.045,Unconditioned responses and functional fear networks in human classical conditioning,Behavioural Brain Research,https://search.ebscohost.com/login.aspx?direct=true&db=psyh&AN=2011-06611-001&site=ehost-live,"Female;Humans;Galvanic Skin Response;Male;Fear;Adult;Brain;Brain Mapping;Magnetic Resonance Imaging;Conditioning, Classical;functional magnetic resonance imaging;Psychophysiology;Classical Conditioning;Functional Magnetic Resonance Imaging;Unconditioned Responses;Electroshock;Reinforcement (Psychology);Neural Pathways;human classical conditioning;Biological Neural Networks;functional fear networks;neural responses;unconditioned responses;Humanism;Humanities",no,no,no,no,CD,24,13,30,11,not reported,both,"fear, interregional coupling",not reported,NA,NA,not reported,NA,not reported,NA,not reported,NA,not reported,NA,not reported,NA,no,NA,NA,NA,NA,NA,NA,not reported,NA,NA,NA,NA,NA,NA,not reported,mixed,2,PPI (correlation); not reported which test used for SCR,multiple,9,"although figure 1 caption depicts SCR data of one subject taht was normalized, it is unclear whether this was done only for vizualization or also in general / unclear about the statistical test"
"Lovibond, Peter F. and Chen, Shirley X. and Mitchell, Christopher J. and Weidemann, Gabrielle",2013,10.1016/j.biopsycho.2011.09.007,Competition between an avoidance response and a safety signal: Evidence for a single learning system,Biological Psychology,https://search.ebscohost.com/login.aspx?direct=true&db=psyh&AN=2011-23355-001&site=ehost-live,"Female;Humans;Galvanic Skin Response;Male;Fear;Learning;Conditioning, Classical;Acoustic Stimulation;skin conductance;Conditioned Fear;Shock;conditioned fear;Avoidance;Operant Conditioning;Avoidance Learning;Electroshock;Avoidance Conditioning;Students;Universities;Conditioning, Operant;electric shock;Psychoacoustics;Signal Detection, Psychological;safety signal;avoidance responses;learning system",no,no,no,no,CD,142,86,,,not reported,group,NA,not reported,NA,NA,not reported,NA,not reported,NA,not reported,NA,not reported,NA,not reported,NA,no,NA,NA,NA,NA,NA,NA,log,NA,NA,NA,"SCL data were log transformed to minimise individual differences and normalise the distribution, using the formula log(postCS score + 1) − log (baseline score + 1).","yes, but not in respect to guidelines (see last cell) ",to minimise individual differences and normalise the distribution,not reported,within,3,"multivariate, repeated measures model (O’Brien and Kaiser, 1985",other,9,study reports two experiment with two samples. numbers were combined; not sure about the statistical testand number of factors
"Knight, David C. and Waters, Najah S. and King, Margaret K. and Bandettini, Peter A.",2010,10.1016/j.neuroimage.2009.07.012,Learning-related diminution of unconditioned SCR and fMRI signal responses,NeuroImage,https://search.ebscohost.com/login.aspx?direct=true&db=psyh&AN=2009-14920-001&site=ehost-live,"Female;Humans;Galvanic Skin Response;Male;Adult;Young Adult;Learning;Magnetic Resonance Imaging;fMRI;Conditioning, Classical;Acoustic Stimulation;conditioning;skin conductance response;Skin Resistance;Memory;Classical Conditioning;Unconditioned Stimulus;learning;Functional Magnetic Resonance Imaging;prefrontal cortex;Prefrontal Cortex;insula;Insula;Parietal Lobe;Psychomotor Performance;Cerebrovascular Circulation;Auditory Threshold;parietal lobe",no,no,no,no,CD,15,7,28.87,1.69,not reported,both,"CS perception, UCS expectancy",not reported,NA,NA,not reported,NA,not reported,NA,not reported,NA,not reported,NA,not reported,NA,no,NA,NA,NA,NA,NA,NA,not reported,NA,NA,NA,NA,NA,NA,not reported,mixed,2,"t-test, multiple linear regression",linear regression,9,
"Ly, Verena and Roelofs, Karin",2009,10.1016/j.brat.2009.06.015,Social anxiety and cognitive expectancy of aversive outcome in avoidance conditioning,Behaviour Research and Therapy,https://search.ebscohost.com/login.aspx?direct=true&db=psyh&AN=2009-14178-001&site=ehost-live,"Female;Humans;Male;Cognition;Adolescent;Extinction, Psychological;Fear;Adult;Reflex, Startle;Anxiety;Aversive Stimulation;Phobic Disorders;Expectations;Avoidance Learning;Social Anxiety;Conditioning (Psychology);Avoidance Conditioning;social anxiety;avoidance conditioning;aversive outcomes;cognitive expectancy",no,no,no,no,CD,48,24,20.49,2.86,yes,both,"US expectancy, dSCL",not reported,NA,NA,not reported,NA,not reported,NA,not reported,NA,not reported,NA,not reported,NA,no,NA,NA,NA,NA,NA,NA,NA,log,NA,NA,"dSCL data was log transformed as follows, log (post-CS score þ 1) – log (baseline score þ 1) to minimize individual differences and normalize the distribution.","yes, but not in respect to guidelines (see last cell) ",to minimise individual differences and normalise the distribution,not reported,mixed,3,rmANOVA ,rmANOVA,9,
"Lim, Seung-Lark and Padmala, Srikanth and Pessoa, Luiz",2008,10.1016/j.neuropsychologia.2007.12.003,Affective learning modulates spatial competition during low-load attentional conditions,Neuropsychologia,https://search.ebscohost.com/login.aspx?direct=true&db=psyh&AN=2008-06202-009&site=ehost-live,"Attention;Female;Humans;Galvanic Skin Response;Male;Sex Characteristics;Adolescent;Fear;Adult;Amygdala;Learning;Magnetic Resonance Imaging;Image Processing, Computer-Assisted;Reaction Time;Photic Stimulation;Affect;Memory;Facial Expression;Electroshock;Conditioning (Psychology);Visual Perception;Reinforcement (Psychology);Space Perception;Psychomotor Performance;affective learning;Reading;Competition;low-load attentional conditions;Spatial Ability;spatial competition;task-irrelevant faces;visual processing",no,no,no,no,CD,13,,,,yes,group,NA,not reported,NA,NA,not reported,NA,not reported,NA,not reported,NA,not reported,NA,not reported,NA,no,NA,NA,NA,NA,NA,NA,not reported,NA,NA,NA,NA,NA,NA,not reported,within,2,rmANOVA ,rmANOVA,9,"SCR measures during gender-decision trials to a 2 (phase: conditioning, letter-detection) × 2 (type: safe, threat) × 2 (expression: neutral, fearful) repeated-measures ANOVA"
Leer A and Engelhard IM and Altink A and van den Hout MA,2013,10.1016/j.brat.2013.07.004,Eye movements during recall of aversive memory decreases conditioned fear.,Behaviour research and therapy,https://pubmed.ncbi.nlm.nih.gov/23916632/,"Female;Humans;Adolescent;Adult;Memory;Eye Movements;Conditioning, Classical/*physiology;Galvanic Skin Response/physiology;Fear/*physiology/*psychology;Mental Recall/*physiology;Eye Movements/*physiology",no,no,no,no,CD,63,63,22.83,3.35,not reported,group,NA,not reported,NA,NA,not reported,NA,not reported,NA,not reported,NA,not reported,NA,not reported,NA,yes,trials,above 2.5 SD were replaced by M 2.5 SD,NA,NA,NA,NA,sqrt,NA,NA,NA,"SCR range corrected (SCR/SCRmax; Lykken & Venables, 1971) and transformed by square root to normalize the data (Dawson, Schell, & Filion, 2000).","yes, to normalize the data",references,not reported,mixed,2,ANOVA,ANOVA_univariat,9,
Ma Q and Huang Y and Wang L,2013,10.1155/2013/652542,Left prefrontal activity reflects the ability of vicarious fear learning: a functional near-infrared spectroscopy study.,TheScientificWorldJournal,https://pubmed.ncbi.nlm.nih.gov/24307877/,"Female;Humans;Male;Adult;Young Adult;Fear/*physiology;Avoidance Learning/*physiology;Nerve Net/physiology;Prefrontal Cortex/*physiology;Visual Perception/*physiology;Brain Mapping/*methods;Oxygen Consumption/*physiology;Spectroscopy, Near-Infrared/*methods",no,no,no,no,CD,31,15,22.4,,yes,group,NA,not reported,NA,NA,not reported,NA,not reported,NA,not reported,NA,not reported,NA,not reported,NA,no,NA,NA,NA,NA,NA,NA,log,NA,NA,NA,SCR converted to logarithmic values by adding 1 and then multiplying by 1000 ,no,reference,not reported,within,1,paired sample t-test,ttest,9,
"Kull, Sandra and Müller, Birgit H. and Blechert, Jens and Wilhelm, Frank H. and Michael, Tanja",2012,10.1016/j.actpsy.2012.02.007,Reinstatement of fear in humans: Autonomic and experiential responses in a differential conditioning paradigm,Acta Psychologica,https://search.ebscohost.com/login.aspx?direct=true&db=psyh&AN=2012-12905-007&site=ehost-live,"Female;Humans;Autonomic Nervous System;Galvanic Skin Response;Male;Extinction, Psychological;Fear;Adult;Conditioning, Classical;extinction;Photic Stimulation;fear conditioning;fear generalization;skin conductance;Conditioned Fear;Extinction (Learning);Reinstatement;Electric Stimulation;humans;Generalization (Psychology);fear reinstatement;autonomic responses;Humanism;Humanities;experiential responses;differential conditioning paradigm",no,no,no,no,CD,55,42,25.2,6.7,yes,group,NA,not reported,NA,NA,not reported,NA,not reported,NA,not reported,NA,not reported,NA,not reported,NA,yes,trials,manual visual inspection,NA,NA,NA,NA,sqrt,NA,NA,NA,SCRs below 0.025 μS were scored as zero and square root transformation was applied to normalise the distribution of SCRs.,yes,to normalize ,not reported,mixed,2,ANOVA,ANOVA_univariat,9,
"Malloy, Paul F. and Levis, Donald J.",1988,10.1016/S0005-7894(88)80045-5,A laboratory demonstration of persistent human avoidance,Behavior Therapy,https://search.ebscohost.com/login.aspx?direct=true&db=psyh&AN=1988-31681-001&site=ehost-live,Humans;Fear;Extinction (Learning);Avoidance Conditioning;college students;Humanism;Humanities;avoidance responding in extinction following fear conditioning procedure;serial vs nonserial CS condition;treatment implications,no,no,no,no,CD,80,40,,,not reported,group,NA,not reported,NA,NA,not reported,NA,not reported,NA,not reported,NA,not reported,NA,not reported,NA,no,NA,NA,NA,NA,NA,NA,not reported,NA,NA,NA,NA,NA,NA,not reported,between,2,ANOVA,ANOVA_univariat,9,
Lonsdorf TB and Haaker J and Fadai T and Kalisch R,2014,10.1007/s00213-013-3338-8,No evidence for enhanced extinction memory consolidation through noradrenergic reuptake inhibition-delayed memory test and reinstatement in human fMRI.,Psychopharmacology,https://pubmed.ncbi.nlm.nih.gov/24193372/,"Humans;Male;Adult;Brain Mapping;Magnetic Resonance Imaging;Neuropsychological Tests;Memory;Electroshock;Task Performance and Analysis;Humanism;Humanities;Memory/drug effects/*physiology;Galvanic Skin Response/drug effects;Brain/drug effects/*physiology;Extinction, Psychological/drug effects/*physiology;Conditioning, Psychological/drug effects/physiology;Fear/drug effects/physiology;Adrenergic Uptake Inhibitors/*pharmacology;Morpholines/*pharmacology;Reboxetine;Selenium Compounds;Visual Perception/drug effects/physiology",no,no,no,no,LD,42,0,28.6,0.9,yes,group,NA,not reported,NA,NA,not reported,NA,not reported,NA,not reported,NA,not reported,NA,not reported,NA,no,NA,NA,NA,NA,NA,NA,log,NA,NA,NA,"SCR, logarithms were computed for all values, to normalise the distribution (Venables and Christie 1980), and these log values were range-corrected (SCR/SCRmax CR[day]) to account for interindividual variability (Lykken and Venables 1971). S","yes, to normalize the distribution and to account forindividual differences",,trial-level,mixed,3,mixed-model ANOVA,ANOVA_univariat,9,
Lipp OV and Kempnich C and Jee SH and Arnold DH,2014,10.1371/journal.pone.0099332,Fear conditioning to subliminal fear relevant and non fear relevant stimuli.,PloS one,https://pubmed.ncbi.nlm.nih.gov/25198514/,"Female;Humans;Male;Extinction, Psychological;Animals;Adult;Young Adult;Snakes;Fear/*physiology;Anger;Spiders;*Habituation, Psychophysiologic;Galvanic Skin Response/*physiology;*Subliminal Stimulation;Conditioning, Psychological/*physiology;*Perceptual Masking",no,no,no,no,CD,32,21,20.52,2.44,not reported,group,NA,not reported,NA,NA,not reported,NA,not reported,NA,not reported,NA,not reported,NA,not reported,NA,no,NA,NA,NA,NA,NA,NA,not reported,NA,NA,NA,NA,NA,NA,not reported,mixed,2,mixed-model ANOVA with repeated measures,rmANOVA,9,
Lee TH and Sakaki M and Cheng R and Velasco R and Mather M,2014,10.1093/scan/nsu015,Emotional arousal amplifies the effects of biased competition in the brain.,Social cognitive and affective neuroscience,https://pubmed.ncbi.nlm.nih.gov/24532703/,"Emotions;Female;Humans;Male;Adolescent;Adult;Young Adult;Brain;Magnetic Resonance Imaging;Conditioning, Classical;Image Processing, Computer-Assisted;Reaction Time;Photic Stimulation;Acoustic Stimulation;Arousal;Fear/*physiology;Galvanic Skin Response/physiology;Linear Models;Bias (Epidemiology);Arousal/*physiology;*Bias;Oxygen/blood;Brain/blood supply/*physiology;Competitive Behavior/*physiology",no,no,no,no,CD,52,38,20.5,,unclear,group,NA,not reported,NA,NA,not reported,NA,not reported,NA,not reported,NA,not reported,NA,not reported,NA,yes,not reported,robust correlation toolbox from Pernet et al 2012,NA,NA,NA,NA,not reported,NA,NA,NA,"SCR, baseline-corrected between 0 and 1 s. The peak SCR amplitude was taken between 1 – 8 s from the trial-by-trial average SCR epoch as a function of CS",no,NA,not reported,within,2,t-test,ttest,9,
MacNamara A and Rabinak CA and Fitzgerald DA and Zhou XJ and Shankman SA and Milad MR and Phan KL,2015,10.1016/j.bbr.2015.03.035,Neural correlates of individual differences in fear learning.,Behavioural brain research,https://pubmed.ncbi.nlm.nih.gov/25819422/,"Female;Humans;Galvanic Skin Response;Male;Adult;Young Adult;Brain Mapping;Magnetic Resonance Imaging;Conditioning, Classical/*physiology;Fear/*physiology;Brain/physiology;*Individuality;Amygdala/*physiology;Cerebral Cortex/*physiology",,,,,,,,,,,,,,,,,,,,,,,,,,,,,,,,,,,,,,,,,,,,,9,
Luck CC and Lipp OV,2015,10.1016/j.brat.2015.01.001,A potential pathway to the relapse of fear? Conditioned negative stimulus evaluation (but not physiological responding) resists instructed extinction.,Behaviour research and therapy,https://pubmed.ncbi.nlm.nih.gov/25658973/,"Female;Humans;Male;Adolescent;Adult;Young Adult;Middle Aged;Fear/*physiology;Galvanic Skin Response/physiology;Recurrence;Extinction, Psychological/*physiology;Reflex, Startle/physiology;Conditioning, Psychological/*physiology",,,,,,,,,,,,,,,,,,,,,,,,,,,,,,,,,,,,,,,,,,,,,9,
Lonsdorf TB and Golkar A and Lindström KM and Haaker J and Öhman A and Schalling M and Ingvar M,2015,10.1093/scan/nsu102,BDNFval66met affects neural activation pattern during fear conditioning and 24 h delayed fear recall.,Social cognitive and affective neuroscience,https://pubmed.ncbi.nlm.nih.gov/25103087/,"Female;Humans;Male;Adult;Young Adult;Magnetic Resonance Imaging;Photic Stimulation;Fear/*physiology;Galvanic Skin Response/physiology;Polymorphism, Single Nucleotide;Extinction, Psychological/physiology;Conditioning, Psychological/*physiology;Oxygen/blood;Mental Recall/*physiology;Anxiety/genetics/psychology;Brain-Derived Neurotrophic Factor/*genetics/*physiology;Mutation/*genetics/*physiology",,,,,,,,,,,,,,,,,,,,,,,,,,,,,,,,,,,,,,,,,,,,,9,
Kunze AE and Arntz A and Kindt M,2015,10.1016/j.jbtep.2014.11.007,Fear conditioning with film clips: a complex associative learning paradigm.,Journal of behavior therapy and experimental psychiatry,https://pubmed.ncbi.nlm.nih.gov/25481400/,"Female;Humans;Male;Adolescent;Adult;Young Adult;Association Learning;Reinforcement, Psychology;Visual Perception;Reflex, Startle/physiology;Fear/physiology/*psychology;*Memory/physiology;Photic Stimulation/methods;*Conditioning, Classical/physiology;Surgical Instruments;*Association Learning/physiology",,,,,,,,,,,,,,,,,,,,,,,,,,,,,,,,,,,,,,,,,,,,,9,
Krypotos AM and Arnaudova I and Effting M and Kindt M and Beckers T,2015,10.1371/journal.pone.0131581,Effects of Approach-Avoidance Training on the Extinction and Return of Fear Responses.,PloS one,https://pubmed.ncbi.nlm.nih.gov/26200111/,"Female;Humans;Male;Fear;Adult;*Avoidance Learning;*Fear;Implosive Therapy/*methods;*Anxiety Disorders/physiopathology/psychology/therapy;*Stress, Psychological/physiopathology/psychology/therapy",,,,,,,,,,,,,,,,,,,,,,,,,,,,,,,,,,,,,,,,,,,,,9,
Luck CC and Lipp OV,2015,10.1111/psyp.12452,To remove or not to remove? Removal of the unconditional stimulus electrode does not mediate instructed extinction effects.,Psychophysiology,https://pubmed.ncbi.nlm.nih.gov/26032171/,"Female;Humans;Male;Adolescent;Adult;Young Adult;Middle Aged;Photic Stimulation;Electrodes;Electric Stimulation;Conditioning, Classical/*physiology;Fear/*physiology;Extinction, Psychological/*physiology;Arousal/physiology;Galvanic Skin Response/*physiology;Attention/physiology",,,,,,,,,,,,,,,,,,,,,,,,,,,,,,,,,,,,,,,,,,,,,9,
Lonsdorf TB and Haaker J and Schümann D and Sommer T and Bayer J and Brassen S and Bunzeck N and Gamer M and Kalisch R,2015,10.1503/140336,"Sex differences in conditioned stimulus discrimination during context-dependent fear learning and its retrieval in humans: the role of biological sex, contraceptives and menstrual cycle phases.",Journal of psychiatry & neuroscience : JPN,https://pubmed.ncbi.nlm.nih.gov/26107163/,"Female;Humans;Male;Sex Characteristics;Adolescent;Adult;Young Adult;Menstrual Cycle;Discrimination (Psychology);Humanism;Humanities;*Sex Characteristics;Fear/drug effects/*physiology/*psychology;Extinction, Psychological/drug effects/physiology;Conditioning, Classical/drug effects/*physiology;Galvanic Skin Response/drug effects/physiology;Anticipation, Psychological/drug effects/physiology;Association Learning/drug effects/physiology;Contraceptive Agents, Female/therapeutic use;Discrimination, Psychological/drug effects/physiology;Menstrual Cycle/drug effects/*physiology/*psychology",,,,,,,,,,,,,,,,,,,,,,,,,,,,,,,,,,,,,,,,,,,,,9,
Lipp OV and Cronin SL and Alhadad SS and Luck CC,2015,10.1111/psyp.12513,"Enhanced sensitization to animal, interpersonal, and intergroup fear-relevant stimuli (but no evidence for selective one-trial fear learning).",Psychophysiology,https://pubmed.ncbi.nlm.nih.gov/26283264/,"Female;Humans;Male;Adolescent;Fear;Animals;Adult;Young Adult;Conditioning, Classical/*physiology;Fear/*physiology;Electroshock;Galvanic Skin Response/physiology;Learning/*physiology;Extinction, Psychological/physiology;Animal Shells",,,,,,,,,,,,,,,,,,,,,,,,,,,,,,,,,,,,,,,,,,,,,9,
Lithari C and Moratti S and Weisz N,2015,10.1002/hbm.22940,Thalamocortical interactions underlying visual fear conditioning in humans.,Human brain mapping,https://pubmed.ncbi.nlm.nih.gov/26287369/,"Female;Humans;Male;Adult;Facial Expression;Electric Stimulation;Fear/*physiology;Humanism;Humanities;Amygdala/*physiology;Conditioning, Psychological/physiology;Cerebral Cortex/*physiology;Magnetoencephalography/*methods;Facial Recognition/*physiology;Thalamus/*physiology",,,,,,,,,,,,,,,,,,,,,,,,,,,,,,,,,,,,,,,,,,,,,9,
Lindner K and Neubert J and Pfannmöller J and Lotze M and Hamm AO and Wendt J,2015,10.1016/j.ijpsycho.2015.02.025,Fear-potentiated startle processing in humans: Parallel fMRI and orbicularis EMG assessment during cue conditioning and extinction.,International journal of psychophysiology : official journal of the International           Organization of Psychophysiology,https://pubmed.ncbi.nlm.nih.gov/25725377/,"Female;Humans;Male;Adolescent;Adult;Young Adult;Magnetic Resonance Imaging;Cues;Analysis of Variance;Image Processing, Computer-Assisted;Electromyography;Fear/*physiology;Self Report;Extinction, Psychological/*physiology;Humanism;Humanities;Conditioning, Classical/physiology;*Cues;Galvanic Skin Response/*physiology;Reflex, Startle/*physiology;Oxygen/blood;Brain/*blood supply/physiology",,,,,,,,,,,,,,,,,,,,,,,,,,,,,,,,,,,,,,,,,,,,,9,
Madipakkam AR and Rothkirch M and Wilbertz G and Sterzer P,2016,10.1016/j.concog.2016.09.016,Probing the influence of unconscious fear-conditioned visual stimuli on eye movements.,Consciousness and cognition,https://pubmed.ncbi.nlm.nih.gov/27684607/,"Female;Humans;Male;Adult;Eye Movements;Conditioning, Classical/*physiology;Fear/*physiology;Awareness/*physiology;Galvanic Skin Response/*physiology;*Unconscious, Psychology;Unconscious (Psychology);Eye Movements/*physiology;Facial Recognition/*physiology",,,,,,,,,,,,,,,,,,,,,,,,,,,,,,,,,,,,,,,,,,,,,9,
Leuchs L and Schneider M and Czisch M and Spoormaker VI,2017,10.1016/j.neuroimage.2016.11.072,Neural correlates of pupil dilation during human fear learning.,NeuroImage,https://pubmed.ncbi.nlm.nih.gov/27915119/,"Female;Humans;Male;Extinction, Psychological;Adult;Young Adult;Brain Mapping;Conditioning, Psychological;Magnetic Resonance Imaging;Cues;Image Processing, Computer-Assisted;Fear/*psychology;Pupil;Learning/*physiology;Humanism;Humanities;Arousal/physiology;Pupil/*physiology;Reflex, Pupillary/*physiology",,,,,,,,,,,,,,,,,,,,,,,,,,,,,,,,,,,,,,,,,,,,,9,
Korn CW and Staib M and Tzovara A and Castegnetti G and Bach DR,2017,10.1111/psyp.12801,A pupil size response model to assess fear learning.,Psychophysiology,https://pubmed.ncbi.nlm.nih.gov/27925650/,"Female;Humans;Male;Models, Neurological;Adult;Young Adult;Photic Stimulation;Acoustic Stimulation;Conditioning, Classical/*physiology;Fear/*physiology;Pupil;Linear Models;Physical Stimulation;Psychophysics/methods;Pupil/*physiology",,,,,,,,,,,,,,,,,,,,,,,,,,,,,,,,,,,,,,,,,,,,,9,
Luck CC and Lipp OV,2017,10.1111/psyp.12834,Startle modulation and explicit valence evaluations dissociate during backward fear conditioning.,Psychophysiology,https://pubmed.ncbi.nlm.nih.gov/28169435/,"Female;Humans;Male;Adolescent;Adult;Young Adult;Habituation, Psychophysiologic;Fear/*physiology;*Conditioning, Classical;*Reflex, Startle;Dissociative Disorders;Heart Block;Affect/*physiology;*Conditioning, Eyelid",,,,,,,,,,,,,,,,,,,,,,,,,,,,,,,,,,,,,,,,,,,,,9,
Leer A and Engelhard IM and Lenaert B and Struyf D and Vervliet B and Hermans D,2017,10.1016/j.brat.2017.03.002,Eye movement during recall reduces objective memory performance: An extended replication.,Behaviour research and therapy,https://pubmed.ncbi.nlm.nih.gov/28315585/,"Female;Humans;Male;Young Adult;Photic Stimulation;Memory;Eye Movements;Galvanic Skin Response/physiology;Reaction Time/physiology;Conditioning, Psychological/physiology;Discrimination, Psychological/physiology;Mental Recall/*physiology;Fear/physiology/psychology;Memory, Short-Term/*physiology;Eye Movements/*physiology",,,,,,,,,,,,,,,,,,,,,,,,,,,,,,,,,,,,,,,,,,,,,9,
Lueken U and Kuhn M and Yang Y and Straube B and Kircher T and Wittchen HU and Pfleiderer B and Arolt V and Wittmann A and Ströhle A and Weber H and Reif A and Domschke K and Deckert J and Lonsdorf TB,2017,10.1038/tp.2017.186,Modulation of defensive reactivity by GLRB allelic variation: converging evidence from an intermediate phenotype approach.,Translational psychiatry,https://pubmed.ncbi.nlm.nih.gov/28872638/,"Humans;Phenotype;Adult;Magnetic Resonance Imaging;Germany;Alleles;Conditioning, Classical/*physiology;Fear/*physiology;Reflex, Startle/*physiology;Cerebral Cortex/diagnostic imaging/*physiology;Connectome/*methods;Receptors, Glycine/*genetics",,,,,,,,,,,,,,,,,,,,,,,,,,,,,,,,,,,,,,,,,,,,,9,
Koenig S and Nauroth P and Lucke S and Lachnit H and Gollwitzer M and Uengoer M,2017,10.1016/j.biopsycho.2017.08.060,Fear acquisition and liking of out-group and in-group members: Learning bias or attention?,Biological psychology,https://pubmed.ncbi.nlm.nih.gov/28867539/,"Female;Humans;Male;Adult;Young Adult;Face;Fear/*physiology;Galvanic Skin Response/physiology;Bias (Epidemiology);Affect/*physiology;Conditioning, Psychological/physiology;Pupil/physiology;Facial Recognition/*physiology;Attentional Bias/*physiology;*Group Processes",,,,,,,,,,,,,,,,,,,,,,,,,,,,,,,,,,,,,,,,,,,,,9,
Lerner I and Lupkin SM and Sinha N and Tsai A and Gluck MA,2017,10.1523/JNEUROSCI.0578-17.2017,Baseline Levels of Rapid Eye Movement Sleep May Protect Against Excessive Activity in Fear-Related Neural Circuitry.,The Journal of neuroscience : the official journal of the Society for           Neuroscience,https://pubmed.ncbi.nlm.nih.gov/29061703/,"Female;Humans;Male;Young Adult;Eye Movements;Galvanic Skin Response/physiology;Sleep, REM;Extinction, Psychological/physiology;Brain/*physiology;Conditioning, Psychological/*physiology;Sleep, REM/*physiology;Magnetic Resonance Imaging/methods;Photic Stimulation/methods;Nerve Net/*physiology;Fear/*physiology/psychology;Electroencephalography/methods;Actigraphy/methods;Polysomnography/methods",,,,,,,,,,,,,,,,,,,,,,,,,,,,,,,,,,,,,,,,,,,,,9,
Luck CC and Lipp OV,2018,10.1080/02699931.2017.1280449,Verbal instructions targeting valence alter negative conditional stimulus evaluations (but do not affect reinstatement rates).,Cognition & emotion,https://pubmed.ncbi.nlm.nih.gov/28141482/,"Female;Humans;Male;Adolescent;Adult;Young Adult;Conditioning, Classical/*physiology;Extinction, Psychological/*physiology;Galvanic Skin Response/*physiology;Emotions/*physiology;*Communication;Fear/physiology/psychology",,,,,,,,,,,,,,,,,,,,,,,,,,,,,,,,,,,,,,,,,,,,,9,
Lam CLM and Barry TJ and Yiend J and Lee TMC,2023,10.1016/j.concog.2023.103599,The role of consciousness in threat extinction learning.,Consciousness and cognition,https://pubmed.ncbi.nlm.nih.gov/37976781/,"Humans;Fear/physiology;Conditioning, Classical/physiology;Consciousness;Learning/physiology;*Consciousness;*Extinction, Psychological/physiology",,,,,,,,,,,,,,,,,,,,,,,,,,,,,,,,,,,,,,,,,,,,,9,